title,ID,views,publishedTime
Best ?Snowbird? Real Estate Markets with Affordable Home Prices,BDnnA-2ASB0,"9,035 views",2 days ago
How to Invest in Real Estate in 2024 (9 Beginner Steps),JERpaTX60jg,"7,020 views",2 days ago
This is The BIGGEST Opportunity Since the 2008 Market Crash,bxxEqwqjATU,"16,738 views",3 days ago
How I Built a $350K/Year Passive Income Stream in JUST 3 Years,brgj25cpaEg,"29,962 views",4 days ago
"Mortgage Rate Cuts Could ""Catapult"" Home Equity in 2024",TpWWxOqDZX4,"10,975 views",5 days ago
NEW LOW Down Payment Mortgages Are Here (Put Just 1% DOWN),m3sNMj_INtQ,"19,866 views",6 days ago
How to Rent Out Your House (Step-by-Step Guide),cmw6GjAOuAc,"11,220 views",7 days ago
Foreclosure Rates Are Rising?Are Homeowners in Trouble?,Y4L2lI5TAAY,"9,973 views",9 days ago
Follow These Steps BEFORE You Start Flipping Houses in 2024,WUT8qCRuSdY,"8,381 views",10 days ago
How to Build Wealth in 2024 with This Real Estate ?Strategy?,JBa2q3AZThw,"12,130 views",11 days ago
How to Find Your Perfect First Rental Property (The ?Buy Box?),l7xvOOEeUiE,"9,344 views",12 days ago
The Beginner's Guide to Rental Property Financing in 2024,fvD_2kxc4x0,"50,410 views",13 days ago
Why You?ll (Probably) Regret Not Buying a House in 2024,XTbYWrSdlG0,"21,946 views",2 weeks ago
"Massive Passive Income with $0 Down, 0% Interest Rental Properties",vB_2bj3Shio,"16,306 views",2 weeks ago
How to Buy Your First Rental Property in 2024,6SgzbnCmjLY,"10,863 views",2 weeks ago
"Zillow and Redfin On 2024 Home Prices, Mortgage Rates, and More",WjI_jZqcKeI,"21,871 views",2 weeks ago
I Was Wrong About the Housing Market?,4qxQLJZ20NA,"21,390 views",2 weeks ago
Why Does the Mortgage Process Take SO LONG? (How to Speed it Up),Uw-9NizA1iA,"6,151 views",2 weeks ago
Why 86% of Americans Are Wrong About the Housing Market,KtyHJAhmfXY,"40,672 views",3 weeks ago
How to Make Multiple Streams of Income from 1 Rental Property,zGfvH0E3NiY,"25,983 views",3 weeks ago
These 10 Rental Property Loans Are (Almost) Impossible to Get,hANfcgzV9SM,"6,089 views",3 weeks ago
How to Buy BIG Properties in 2024 (Commercial Real Estate ?Buy Box?),TW4qchbGXg0,"11,973 views",3 weeks ago
5 Financial Mistakes That Will Keep You Poor in 2024,NitiiadRgIo,"6,314 views",3 weeks ago
"From ""Dirt Floor"" Poverty to Making $80K/Month in Passive Income",JujnC2CCtj4,"11,120 views",4 weeks ago
How I Bought Rental Properties for 33% Off in a HOT Housing Market,UxQDD60jABU,"15,654 views",4 weeks ago
"Foreclosures, Layoffs, and The Buyer?s Market Returns in 2024",V1lFFZbm_XE,"30,169 views",1 month ago
"Making $50K in 6 Weeks with Quick, Repeatable House Flips",rPzqevbZhZg,"6,701 views",1 month ago
Every Landlord Should Do THIS to Their Rental Property NOW,9pUb4LsBCUQ,"53,730 views",1 month ago
Fed to Make BIG Interest Rate Cuts in 2024 as Economic Fears Grow,qJ1LnjQiKOU,"45,719 views",1 month ago
"Fed Announces 2024 Plan, Boomers Take Advantage of High Rates",zfVS9GgYLRM,"26,963 views",1 month ago
When Real Estate Goes Wrong (Expert House Flipper Loses $380K),LD7FMYoDgx0,"7,369 views",1 month ago
The House That Almost ?Broke? Me: Losing $350K on ONE Property,7LrYvKDKbHI,"5,136 views",1 month ago
How NOT To Invest in Real Estate in 2024,Cvu5l3zlUW8,"7,753 views",1 month ago
How to Make 6-Figures in Passive Income with NO College Degree,nwYS_IQ6w3U,"12,036 views",1 month ago
The Housing Market Has Changed: What to Watch for in 2024,1bel7eF7EII,"36,678 views",1 month ago
Getting a HELOC on Investment Property Just Got WAY Easier?,Gd_OxqUSBDk,"51,149 views",1 month ago
Student Housing Investments: Massive Cash Flow or Major Headache?,BuiEbJyvBXI,"11,625 views",1 month ago
"Real Estate Investing in 2024: Big Risks, HUGE Opportunities",d87IErdDfM0,"40,997 views",1 month ago
How to Get Started in Real Estate,C-XN2A85Y1o,"10,167 views",1 month ago
How to Reach Financial Freedom 5X Faster with ?Negative? Cash Flow,1Xdqrqw9k5U,"26,079 views",1 month ago
Scott Trench?s 5 Steps to START Investing in Real Estate in 2024,t0N1p1aD70c,"14,985 views",1 month ago
Rent Prices Flatten Across the US...Except Here,VN55GfVF4dA,"11,075 views",1 month ago
"4% Interest Rates Are Coming BACK, Says Major Bank",Oj5Y5oDhg5c,"70,458 views",1 month ago
?Subject To? Speculation and Why It?s SO Hard to Find Cash Flow,c6hjZJf8WWE,"16,259 views",1 month ago
"Millionaire in 4 Years by Buying ""Overlooked"" Investment Properties",eSOflLy4n4o,"16,826 views",1 month ago
The Truth About Financial Freedom (The Cashflow Quadrant),sWCwJIts7t4,"15,083 views",1 month ago
7 Multifamily Real Estate Red Flags You CAN'T Ignore,yR3dHLBv7dM,"16,896 views",1 month ago
How to Turn $6K into $200K Using the ?Condo? Real Estate Strategy,e1q1zYFGwBc,"49,161 views",1 month ago
How to Buy BIG Properties (Commercial Lending 101),_ZXWWVroXIc,"42,534 views",1 month ago
How to Use Your Home Equity to Retire Early,IAP2apxD5oY,"29,074 views",1 month ago
"From ""No Green Card"" Waitress to Making $5K/Month Passive Income",GNYnRjBSxDM,"17,660 views",1 month ago
How to Buy Investment Properties WITHOUT Paying High Mortgage Rates,wWziR81_VBw,"46,628 views",1 month ago
"New Rental Property Mortgages with 3% Interest Rates, 5% Down",IVK5vQg1UvY,"101,278 views",1 month ago
The Fastest Way to Build a Real Estate Portfolio (BRRRR Strategy),qBzvgn8OxpY,"8,687 views",2 months ago
This Could Change the Real Estate Market Forever?,FHqMswYKUpM,"61,300 views",2 months ago
Pay Fewer Taxes in 2024 | What You Need to Do NOW,QWNPOPdSPJc,"16,416 views",2 months ago
This Will Destroy Your Real Estate Development Deal?,n3gnr-XYBOQ,"40,335 views",2 months ago
"The Slow, Steady Way to Make $50K/Month with Rental Properties",967GkIZJrBg,"41,525 views",2 months ago
NAR Lawsuit Loss Could Mean the END of Real Estate Agents,oFkxTrYmp3Q,"78,336 views",2 months ago
"3 ""Lies"" You Can't Afford to Tell Yourself in This Housing Market",vmqell13vz8,"13,641 views",2 months ago
Bridge Loans: 100% Financing on Investment Property?,2GEjBMIxorU,"42,094 views",2 months ago
Don't Make Enough Money to Invest in Real Estate? Do This?,RHosE_urbek,"19,488 views",2 months ago
Achieve Financial Freedom 4x Faster with the ?ROE Rule? of Real Estate,1uN6feyEoH8,"20,471 views",2 months ago
Home Sellers WAKE UP: On-Market Real Estate Deals Are BACK,JvfFadd0qvU,"13,698 views",2 months ago
Barbara Corcoran: Investing Like THIS Will Make You Millions,wZ8VFXW7kZo,"38,572 views",2 months ago
?A ROUGH First Half? | 2024 Housing Market Predictions,GcQQOvl2IB4,"56,784 views",2 months ago
Why Smart Money Isn?t Betting on a ?Soft Landing?,E_ApGf6fSCU,"29,462 views",2 months ago
"DSCR, Rental Property Loans, and Our Most Crucial Mortgage FAQs",G5Ek7s5PyGU,"11,807 views",2 months ago
Has the End of Real Estate Investing Already Begun?,_-8n69FZ4Q4,"28,228 views",2 months ago
"""Passive Income"" Isn't Real...Here's The Truth",W08vWIUDqy0,"7,103 views",2 months ago
"From Janitor to $1,000,000 by Buying $2,500 Rental Properties",vwZYLpQpoRM,"44,502 views",2 months ago
This Would Cause the 2024 Recession,vmPMXY_Werw,"52,230 views",2 months ago
"Asset Protection 101 and ""Robin Hood Lawsuits"" Coming For YOU?",I0G28BxwIv4,"9,108 views",2 months ago
The Fed?s Grim Warning for Mortgage Rates,yqDCnC4JM3I,"68,096 views",2 months ago
Investing in This is a ?Terrible Idea? w/ Meet Kevin,0-iXhlpN0pg,"16,759 views",2 months ago
DON'T Chase Cash Flow: 4 Ways to Make Money in Real Estate,Tw2HFOyli14,"20,577 views",2 months ago
From Night Shifts and $200K in Debt to Financial Freedom in 5 Years,d-OG67kzYwo,"32,704 views",2 months ago
Recession Risk Rises as U.S. Consumer Spending EXPLODES,LkqkaZ7rA8M,"44,408 views",2 months ago
Airbnb Demand Drops: A Rough Road Ahead for Short-Term Rentals?,phTxVJYL3jw,"18,236 views",2 months ago
Pay Off Your House 7 Years FASTER with This Secret Mortgage Hack,MnJoMcug1Oc,"54,501 views",2 months ago
DON?T Use a HELOC to Buy Investment Property Unless?,0c7rX0soJew,"38,663 views",2 months ago
How to Analyze a Rental Property & Make an Offer,WSuKfD3A2Xg,"17,520 views",3 months ago
"How We Made Over $1,000,000 with ONE Rental Property",7WkQwDt4BK8,"42,741 views",3 months ago
From Surviving on $30 Per Day to 30+ Rental Properties,2Rm7q6tm1Us,"16,594 views",3 months ago
What Could Cause Home Prices Drop in 2024,CgTXpTPv3KA,"8,170 views",3 months ago
Reach Retirement Faster with These Out-of-State Rental Properties,JuoxVRLFwRA,"12,767 views",3 months ago
Fannie Mae SLASHES Multifamily Down Payment to Just 5%,WTAWE0JA9ok,"84,033 views",3 months ago
Should I Sell My Rental Property in 2023 While Prices Are High?,IjXjnkffBKM,"14,866 views",3 months ago
What the Media Isn?t Tell You About the Airbnb Investing ?Crash?,6oN03uIzyoo,"47,914 views",3 months ago
$2M in Real Estate in 2 Years by Buying ONLY Off-Market,xSrH3KG5u4k,"39,185 views",3 months ago
Could America?s ?Negative Equity? Cause Home Prices to Spiral?,Elv0X1cMUWw,"38,219 views",3 months ago
"The Repeatable, 3-Step Blueprint That Leads to Financial Freedom",ywOgnny5rtY,"33,547 views",3 months ago
"Conventional Loans: Requirements, Mortgage Rates, & Down Payments",U6oOr4p4Qw8,"45,618 views",3 months ago
Don?t Sell Your ?Low Cash Flow? Rental Property Yet?,TiEWeKFOgwA,"13,726 views",3 months ago
Flipping Houses vs. Rentals: Which Will Make You Richer TODAY?,y9QeMv7bU58,"28,049 views",3 months ago
From $16/Hour to Making Six Figures in Real Estate in ONE Year,hgbR_2woc2Y,"34,564 views",3 months ago
3 Real Estate Markets with Double-Digit Home Price Growth,rEBciZMHEKk,"12,870 views",3 months ago
5 Steps to Get ANY Home Offer Accepted in The 2023 Housing Market,-DSOfGzJ4OQ,"14,858 views",3 months ago
What a Top Loan Officer Knows About Mortgages That You Don?t,SFusXXJnN_k,"11,992 views",3 months ago
How to Turn 1 Rental Property into MANY (The Right Way),g-cCq14M-2c,"53,638 views",3 months ago
I Tried House Flipping During a Market Crash (Lost $150K),EpuBwlqznho,"40,831 views",3 months ago
How to Analyze a Rental Market in Under 15 Minutes,w3Yzgo5PMOk,"18,164 views",3 months ago
From Family Bankruptcy to Financial Freedom by Doing THIS Every Year,h9oGb5zrCRQ,"13,110 views",3 months ago
4 Factors that Could Force a Housing Market Correction This Fall,ftgsCGvVMgQ,"65,652 views",3 months ago
How the Rich Pay ZERO Taxes w/Real Estate Cost Segregation Studies,c6pwouGBRpM,"12,568 views",3 months ago
Zillow?s ?1% Down? Mortgage Isn?t What You Think?,OPW0DGsvBF4,"37,456 views",3 months ago
How to Retire in 10 Years Using Home Equity & Rental Properties,Orszg4lG608,"84,089 views",3 months ago
How to Buy Your First Rental by The END of 2023 (Step-by-Step),YqZ1FW93ayY,"68,272 views",3 months ago
Airbnb Business Ban: It?s Time to Switch to Medium-Term Rentals,Pql1JaAqWWQ,"71,887 views",3 months ago
Millionaire by Mid-30s Using THIS Multifamily Rental Formula,AoNE1dhNEF8,"20,583 views",4 months ago
A Real Estate ?Doom Loop? Could Push Prices to The Floor,VpvfU_83qG4,"83,412 views",4 months ago
The Late Starter?s Guide to Real Estate Investing (Start in Your 50s!),wHk7eEyw0SM,"62,638 views",4 months ago
"The Government Wants to Give You $26,000 (ERC Credit 2023)",_c0CI0KXZgc,"12,715 views",4 months ago
The Worst Insurance Market EVER Could Be Almost Over...,rfqu8x8JBJM,"11,107 views",4 months ago
Touring a Brand New $180K ADU (Full ADU Walkthrough),HnWthdQqsFQ,"16,545 views",4 months ago
From Making $800/Month to Millions with These Cash Flow ?Machines?,_rOB2L5agjE,"37,143 views",4 months ago
Landlords Flee the Housing Market?Should You?,EwidDJvURlQ,"102,889 views",4 months ago
2 Real Estate Markets Where Renters Are Running To,bf0ahMuVD-Q,"13,912 views",4 months ago
DSCR Loans: The Greatest Investor Loan of All Time?,6korxs8cK-E,"58,315 views",4 months ago
?Luxury? House Hacking and How to Invest in Real Estate with $20K,jG9pkHSLIlY,"33,305 views",4 months ago
Home Buyers Made a Huge Mistake in 2022...Don't Repeat It in 2023,xZr8IxDRGE4,"143,150 views",4 months ago
$10K/Month Passive Income by Buying The Houses 99% of People Won't,Eklq6ximjI0,"60,797 views",4 months ago
3 Underpriced Housing Markets with HUGE Potential,tcHlVC1Klho,"162,001 views",4 months ago
BiggerNews: Is This ?The Beginning of The End? for Real Estate?,zLCpN2jEcuU,"63,251 views",4 months ago
Don't Get a Mortgage From Your Bank...,i17mg51aZEc,"118,521 views",4 months ago
Real Estate ?Red Pills? & A Huge Rental Threat That WILL Affect YOU,dfcKNck7_4E,"23,155 views",4 months ago
These 3 Housing Markets Are ?Hotbeds? for Cash Flow,Bz39Rv2rB6o,"19,799 views",4 months ago
Insurance and Taxes: A BIG Write-Off You Won't Want to Miss,7OIhCuVld7s,"7,445 views",4 months ago
17 Rental Properties in 3 Years Thanks to ?Non-Stop Rejection?,9J43urWJ6to,"36,959 views",4 months ago
Sellers Gone Wild: Never Buy a Rental Property Like This...,BpexuFtl7rA,"14,891 views",4 months ago
3 Real Estate Investing Tools That'll Help You Make 6 Figures,19suVBsz9sE,"14,132 views",4 months ago
The ?Sneaky? Home Buying Trick 99% of People Don't Use,VbOSGrJdM_Q,"120,524 views",4 months ago
Tom Brady?s Performance Coach on Why ?Fear? Is Your Greatest Gift,aAivg1GFqoA,"12,213 views",4 months ago
Building an ADU From SCRATCH: Finishing Work and Final Touches (Part 3),bbZJGeJOGBs,"127,753 views",4 months ago
How I Bought an $850K House for $365K (Where to Find CHEAP Houses),yMj1UHZ5W60,"133,546 views",4 months ago
How 1 Rental Property Saved Corey Kent?s Career,a4tSqSO4-qQ,"9,586 views",4 months ago
Multifamily is Crashing HARD?and It?s About to Get Worse,EfqaHPyWjMw,"37,201 views",4 months ago
This Could Change Real Estate Investing Forever,PlUhwHoQqrQ,"20,043 views",4 months ago
Your ?Low? Mortgage Rate is a TRAP,XQxpIxz17Kg,"32,522 views",5 months ago
The Real Estate ?Trap? That Will Catch Perfect Deals For You,abeB4FExQ1M,"9,531 views",5 months ago
The Guide to Financial Freedom Through Small Multifamily Investing,cNWgtgJrJ_0,"30,156 views",5 months ago
This Real Estate Portfolio ?Plan? Will Make You Way More Money,t1Gi0woXje8,"112,605 views",5 months ago
From Soccer Moms to Multimillion-Dollar Multifamily Deals ($11M!),sEeW9BggR7E,"9,306 views",5 months ago
Zillow?s Home Price Forecast Just FLIPPED the Housing Market,4iSJcyHiEP0,"240,718 views",5 months ago
130% Returns and 3% Mortgage Rates in THESE Housing Markets,ZMxjA-lWUnw,"23,247 views",5 months ago
"Low Interest Rates Are On SALE with These ""Secret"" Mortgages",r7JKF7qrlSs,"34,533 views",5 months ago
Give Up On ?Mailbox Money?...Real Estate Investing Has Changed,HGREKx6i-pE,"13,241 views",5 months ago
Home Renovation Red Flags That Could Ruin Your House Flip,jkMyyv36yKg,"11,521 views",5 months ago
"Using His ""Weaknesses"" to Grow a $1.8M Real Estate Portfolio",rpSl6bXrqPo,"12,776 views",5 months ago
How to Value ANY Property in ANY Market (Real Estate Comps),u7CmHMRRpPM,"131,833 views",5 months ago
Passive Income is a Scam w/ Codie Sanchez,uBAfQGcGxtU,"40,551 views",5 months ago
How to Buy a Multifamily Rental Property with 3.5% Down,VyFk2sdw230,"145,835 views",5 months ago
No Money or Time to Invest? You Need a Real Estate Partnership,_bYncXzRe4g,"9,503 views",5 months ago
"Building an ADU From SCRATCH: Framing, Roofing, and Siding (Part 2)",0zjEJdcs3wA,"7,299 views",5 months ago
If a Real Estate Investor Says This To You?Run,_xllDjoU914,"78,966 views",5 months ago
Millionaire Advice That'll Make You 7 Figures w/Codie Sanchez & Hormozi,xc6OVW2z6es,"24,217 views",5 months ago
"Huge Red Flags When Buying a House (Rentals, Rehabs, & Flips)",51x2oZzPRhM,"19,065 views",5 months ago
130 Multifamily Units With This Simple Seller Financing Strategy,ifOTmf12uGw,"37,477 views",5 months ago
Why the Mortgage Rate Pause is BAD for Buyers,YBSQQcqSrWw,"34,527 views",5 months ago
Leila and Alex Hormozi?s $100M Business Blueprint,iGAT6i1qE8g,"54,588 views",5 months ago
Real Estate House Party_Dropping Out of College to Make $8K/MONTH with ?Rental Arbitrage?,9T2znYDz9m8,"9,825 views",5 months ago
DON'T Get This Wrong: Landlord Insurance vs. Homeowners Insurance,bfsA8QKK2ZU,"163,556 views",5 months ago
7 Rental Properties in 3 Years by Finding the ?Golden Triangle?,VOM-e_lTiXI,"28,344 views",5 months ago
"2X Your Rental Property Income with ""Medium-Term"" Pricing (Webinar)",Ci2HAl2asXM,"15,983 views",5 months ago
"2024 Housing Market Predictions (Prices, Mortgage Rates, & More!)",iGTjD9HbHGw,"48,261 views",5 months ago
STOP Waiting to Buy Real Estate (It?s Costing You),aiorLvj4tXA,"20,196 views",5 months ago
Early Retirement and $10K/Month While Working 2 Hours Per Week!,uVxQ9UQoLlQ,"34,065 views",5 months ago
Building an ADU From Scratch: EVERYTHING You Need to Start,CcyCKKeLWCQ,"9,746 views",5 months ago
Short-Term Rental Prices Have Gone INSANE,dhOgXqEkjZI,"124,699 views",6 months ago
Buying Homes with $100 Down & Creative Finance Secrets Most Don't Know,Hzf1aL3U_AE,"69,990 views",6 months ago
How to Retire Early with 10 Rental Properties (or Less),FUQaEaoWlSo,"16,451 views",6 months ago
"How to Analyze a Rental Property, BRRRR, or Airbnb in 2023",BUN5xrOqFWU,"23,678 views",6 months ago
BRRRR Method Myths That Are Making You BROKE,sJwIQW4rbUM,"17,283 views",6 months ago
How to Wholesale Real Estate in 2023 w/Jamil Damji! (Bonus Audiobook Chapter),UBNlTlObF1w,"5,140 views",6 months ago
How to Start a Business That Will TRULY Set You Free,yFQ-yCBFZqQ,"20,967 views",6 months ago
5 Landlord Insurance Tips to Help You AVOID Disaster,p5rUFfovdsw,"137,256 views",6 months ago
40 Rental Units and ?Desperate? Deals Anyone Can Find in 2023,fnfCgeIb4uI,"18,388 views",6 months ago
Calculating Numbers on a Rental Property (In 20 Mins or Less!),dLOsvVaxwHo,"19,597 views",6 months ago
0% Interest Rates and Instant Cash Flow Real Estate Deals in 2023,9_QUx3BUAHk,"28,590 views",6 months ago
Why You'll Regret Paying Off Your House Early,EM9CQ97nXgo,"25,420 views",6 months ago
Overlooked Rental Markets & Where to Find Real Estate Deals in 2023,L-6e3AlQhL8,"38,455 views",6 months ago
How to Set Up Your Real Estate Business Structure (Step-by-Step),YmTzIx002Ps,"23,800 views",6 months ago
Low Income to $70K/Month with ?Infinite Return? Rental Properties,g6Hgdizw7B8,"47,161 views",6 months ago
Foreclosures Up 41% (More On the Way?),Ge8ocGEJWVI,"150,701 views",6 months ago
5 Tips For Financial Independence That The 99% Ignore w/Brandon Turner,3C4j6dSn5u0,"66,795 views",6 months ago
Your Secret Weapon During High Interest Rates (ARM Loans),gwyr5tWGHrU,"12,538 views",6 months ago
Brandon Turner on Housing Crash Prophecies & REAL Financial Freedom,-ti4Mys9foA,"67,250 views",6 months ago
5 Ways to INSTANTLY Lower Landlord Insurance Premiums,q8wE6hxzR9E,"127,344 views",6 months ago
Making $1M+/Year After Giving Up a ?Dream? Career for Real Estate,q98AuKey3hg,"17,803 views",6 months ago
Landlords Get Desperate as Tenants REFUSE High Rent Prices,8Q-t1H6Qrl0,"66,852 views",6 months ago
"First Time Home Buyer Hacks: Down Payments, Home Loans, & Insurance",kJWbAiYa1ZI,"12,666 views",6 months ago
How to Build a 100% Passive Rental Property Portfolio in 5 Steps,Ewue92KcSeA,"18,832 views",6 months ago
First Time Home Buyer Hacks: Home Inspections & What to Look For,MPUZD1zx-1U,"9,216 views",6 months ago
House Hunting Hacks for the First Time Home Buyer,IPwAStryHk8,"15,617 views",6 months ago
6 Solid Multifamily Real Estate Markets (and 3 To AVOID),fdt2yJRQCC8,"181,527 views",6 months ago
Pace Morby Gets Annihilated Guessing These Property Prices,891TrCPKV0o,"60,495 views",6 months ago
The Biggest Myth About the 2023 Real Estate Market (Get in NOW),mgI8aZDCt5I,"43,022 views",6 months ago
This Could Be a HUGE Opportunity for Small Investors,4oWrCFL3XT0,"128,157 views",7 months ago
4 Ways to Find (and Buy) Undervalued Rental Properties,HaocGdKSTqU,"67,778 views",7 months ago
The ?Lowest Rate? Rip-Off and Mortgage Mistakes You MUST Avoid,Kq7SR1prgyc,"9,869 views",7 months ago
How to Make 400% More Cash Flow with Medium-Term Rentals,YWJCasCwutI,"51,612 views",7 months ago
The Perfect Floor Plan Design (From an EXPERT House Flipper),mkRFBTzs8xU,"25,062 views",7 months ago
Debunking Insurance Myths That Could Cost You Thousands,2oLJDp1ArYc,"131,176 views",7 months ago
From Pizza Delivery Driver to Financial Freedom with 27 Rentals,Zu4TSjQ-8wM,"30,459 views",7 months ago
The ?Perfect Storm? is About to Hit This Real Estate Sector (Get Out NOW),DOoLDYaUO_o,"24,878 views",7 months ago
How to Build a Rental Portfolio FAST Without Tons of Time or Money,6A0CIYKLdQ0,"95,025 views",7 months ago
How to Buy a Rental Property with 5% Down (Sneaky Tactic),1c9jimlaeBo,"157,239 views",7 months ago
Late Start? Here?s How You Can Still Retire With Real Estate,Wp5m4sNZW_w,"62,893 views",7 months ago
3 Rental Property Markets That Could EXPLODE in Summer,8GYcQpjA50U,"14,572 views",7 months ago
I Went From 1 Condo to 9 Rental Properties After Doing THIS,z34KCLpF1D8,"38,838 views",7 months ago
Turning a $100K High School into $42K/Month Cash Flow,VKl__CrrftA,"18,897 views",7 months ago
Homes Under $200K!? 5 Strong Real Estate Markets w/ LOW Home Prices,sIFwYTvklj4,"80,886 views",7 months ago
BiggerNews: Rent Prices Are Now Dangerously Unaffordable,8sCeAtZew1Q,"33,415 views",7 months ago
The Underrated Investing Strategy 95% of People DON?T Know About,GczBMQod8Vs,"46,594 views",7 months ago
Those Who Don?t Buy Real Estate Will Regret It?,JJb1tweItjQ,"115,481 views",7 months ago
4 Simple Ways to Boost Your Rental Property?s ROI,GiGpdlo3xgQ,"90,676 views",7 months ago
Replacing Your W2 with $70K/Year Cash Flow After a BIG Wake-Up Call,VBHjFqecn2Q,"26,048 views",7 months ago
How to Analyze a Rental Property (2023 Market Indicators to WATCH),IYBNoh6fNko,"42,756 views",7 months ago
The Ugly Truth About Real Estate Investing in 2023,Tklm0NokMV8,"164,689 views",7 months ago
Credit Repair Secrets That Could Save You $10K+ On Your Mortgage,zoHTENmE5V4,"75,247 views",7 months ago
The Truth About ?Affordable Housing?,qlouIMrrksY,"22,977 views",7 months ago
The Florida Housing Market is Changing FAST,lTEzE_1Lxn0,"98,812 views",7 months ago
These Short-Term Rentals Are WAY Cheaper Than You Think,DNUdkwwu1b4,"43,972 views",7 months ago
How to Invest in Real Estate Using Your 401(k) or IRA (Tax-Free!),ewGG5nEfnv8,"39,915 views",7 months ago
Summer 2023 Housing Market Forecast | This Could Change EVERYTHING,qMRUtbW6rbI,"69,430 views",7 months ago
How to ?Infinitely Invest? with the BRRRR Method (Walkthrough),5VuTr-c92Ow,"102,720 views",7 months ago
This State is GIVING AWAY Down Payment Money,lXAcJFvvaWY,"77,730 views",7 months ago
The Truth About Full-Time Real Estate Investing,IMNhIJJ6j2g,"38,087 views",8 months ago
The Passive Income Formula That Makes Me Six-Figure Cash Flow,Qxu_UytM8LU,"30,851 views",8 months ago
How to Use Debt to Get Rich in 2023 (What the Wealthy Do),Eq6UU6eNeAk,"80,990 views",8 months ago
2023 Multifamily Market Update,JZ-mpOX2NKc,"13,407 views",8 months ago
May 2023 Housing Market Update,t6gwd79e8xM,"29,249 views",8 months ago
These Two Real Estate Markets Could See Explosive Growth Soon,1DgQj6KG1ZA,"32,793 views",8 months ago
Banks to FORCE Foreclosures on Borrowers Violating THIS One Rule,SQOXkw8DOrc,"24,566 views",8 months ago
The ?Low Risk? Way to Start Real Estate Investing?,KMwvPv6stsU,"46,967 views",8 months ago
$65K ADU Garage Conversion Tour + BIG Cost-Saving Tips,UNmIsYDyQfo,"20,308 views",8 months ago
How to Build a $200K/Year Passive Income Stream in JUST 3 Years,RFbULmw0Y40,"220,022 views",8 months ago
The Real Estate vs. Stock Debate is OVER (It?s Not Even Close),dtLL7kKk4kc,"24,525 views",8 months ago
Barbara Corcoran?s Investing ?Formula? Will Make You a FORTUNE,P_v-O0t2NP4,"100,150 views",8 months ago
Fees for High Credit Scores? New Mortgage Rules Aren't What They Seem,gUi1V8NVRys,"21,438 views",8 months ago
What the US Dollar?s Demise Could Mean for Real Estate,4e8K2VaM1CU,"35,833 views",8 months ago
$1M+ in Real Estate (in Her 20s!) After Side Hustle Success,uVsxU7obfAc,"14,468 views",8 months ago
How to Find Cash-Flowing Rentals (EVEN with High Mortgage Rates),yVPaaXhhziM,"94,123 views",8 months ago
From Sleeping on a Dirt Floor to $80K/Month in Passive Income,QIjJ9gUN_KU,"488,473 views",8 months ago
"Housing Inventory ""In the Gutter"" as Recession Fears Grow",1ElB7-9ZcSI,"19,283 views",8 months ago
BiggerNews: New 2023 Housing Market Predictions (Buyers Are Back!),KtmjA4dQ3dY,"42,060 views",8 months ago
"How I Bought Over 1,800 Rental Properties (You Can Do It Too)",Zq6XekT0iaU,"15,968 views",8 months ago
The ONE Thing That Will Make (or Break) Your Rental Property,ihICoJ53O_s,"32,881 views",8 months ago
"Seattle Home Prices Decline 17%, Is Now the Time to Buy?",o4YMjUnWMyI,"79,705 views",8 months ago
How I Built a $1.4M/Year Real Estate Business (Steal My Plan),dXq5CPZgq0k,"24,103 views",8 months ago
Real Estate vs. Stocks: Which Makes MORE In a RECESSION?,yzFPUkYEbFU,"15,246 views",8 months ago
Home Foreclosures Jump 29%...But Not For the Reason You Think,uwE6AjMiReQ,"18,407 views",8 months ago
"Pace Morby's Secret to $0 Down, 3% Interest Real Estate Deals",E79spurDiHI,"110,003 views",8 months ago
HELOCs for Rental Property Are BACK (Use Your Equity!),YsDTMUX0KTE,"73,738 views",8 months ago
How to ?Supercharge? Your Real Estate Cash Flow in 2023,pDv6QruIYh4,"25,336 views",8 months ago
Grant Cardone: NOW is the Time to Buy (Sellers Are Desperate),x7dGSlFHyF0,"51,297 views",8 months ago
How to Start Real Estate Investing with LITTLE Money (4 Ways),FDuxblZAB8Q,"79,495 views",9 months ago
$300K/Year with 11 Rental Properties by ?Accidentally? Investing,madObKblKhM,"91,590 views",9 months ago
The US Dollar Enters Dangerous Territory as China Makes a Stand,53jRJCJW-l4,"11,058 views",9 months ago
How to Buy Your FIRST Rental Property in 2023,xLaPE55HqYo,"133,271 views",9 months ago
"How to Buy Property with NO MONEY Using the ""Subject To"" Strategy",eUWEZR5C7Jg,"12,812 views",9 months ago
How to Unlock HUGE Real Estate Tax Deductions (Save THOUSANDS),8Zw4QVvzb44,"15,772 views",9 months ago
This Could Be the HOTTEST Housing Market of 2023?Will It Last?,FA6ywQLZXrk,"19,563 views",9 months ago
These Luxury Cabins Cost How Much!?,sbEE3EWVvuk,"59,931 views",9 months ago
How to Invest in Multifamily Real Estate on a Middle-Class Salary,70HkuvEeGks,"170,851 views",9 months ago
Housing Demand DROPS as Households Stagnate,u4Dc_zmw3A8,"15,576 views",9 months ago
Will the BRRRR Method Go Bust in 2023?,xb4-obzCQgs,"44,119 views",9 months ago
The New 3% Mortgage Rate Program Explained...Are You Eligible?,5cd8YqHTOUo,"48,229 views",9 months ago
"""Quick"" Cash Flow, Tenant Laws, & Building Your Financial Foundation",Zt9jtgDeNlc,"26,890 views",9 months ago
From Corporate Burnout to Financial FREEDOM w/Multifamily Rentals,Lyuc8oPT80E,"11,052 views",9 months ago
Rent Rates Are DROPPING: How to Take Advantage in 2023,vfGq5twejic,"89,988 views",9 months ago
From DoorDash Driver to $1.5M in Real Estate (Making $50K/Month),nVgAoA2usRY,"271,523 views",9 months ago
?Record Levels? of Rentals Are About to HIT the Housing Market,nCEvBzIldoo,"46,425 views",9 months ago
Preschool Teacher to Rental Property Millionaire w/GUARANTEED Rent,vEnFnSkAXq4,"22,753 views",9 months ago
3% Mortgage Rates Are BACK?Here?s How to Get One,x9X6Vw90SvU,"244,332 views",9 months ago
How to Use Your Home Equity to Buy Rental Properties NOW,I_7ZHDrN9rE,"117,654 views",9 months ago
The Austin Housing Market is Crashing HARD?And It Could Get Worse,UNuPJNDdxes,"43,013 views",9 months ago
"Starting a Real Estate Portfolio at 16 with Just $5,000!",1WjIuGa3Rx0,"9,477 views",9 months ago
28 Rental Units Before 28 Years Old by Putting Family First,7Wcyu55IgZU,"44,641 views",9 months ago
2023 Rent Prices Enter Dangerous Territory,IPb3zjRkkgk,"37,392 views",9 months ago
The EASIEST Way to Invest in Real Estate in 2023,M8XaarsoojA,"205,335 views",9 months ago
Escaping the Rat Race in 2023 & Do You NEED a Rental Property LLC?,vFpMvDTBOgA,"37,168 views",9 months ago
Mortgages Could Be in Danger As Banks Continue to Crash,P-DQxrA0LHY,"29,698 views",9 months ago
$74K in Debt to Financial Freedom in 3 Years w/Multifamily Rentals,2bAMHldin3E,"10,751 views",9 months ago
Guessing the Prices of LUXURY Beach Houses | The Price (of the Property) is Wrong,OLpg9Ae6vuo,"63,881 views",9 months ago
How to Make $200K With ONE Rental Property (BRRRR 2.0),g6zZGjvnE0g,"32,737 views",9 months ago
Home Prices DROP in Biggest Price Cut Since 2012,iSixBhvBP5o,"23,421 views",9 months ago
The 4 Steps to Financial Freedom Through Real Estate in 2023,CVzZahui9rw,"26,051 views",10 months ago
Start From Scratch_How to Build a Real Estate Portfolio AFTER a CRASH,7TabVWANJGY,"14,604 views",10 months ago
"The ""Golden Age"" of Cash Flow Real Estate Investing Is OVER",UHX_NlVALO0,"77,135 views",10 months ago
"California Real Estate Investing: Low Cash Flow, But Worth the Risk?",AucPQZP0CeQ,"73,604 views",10 months ago
Could SVB's Collapse Cause a Housing Market Crash?,tUTWIvOWxAA,"34,574 views",10 months ago
From $500 to 40 Rental Units After Going COMPLETELY Broke,X5Rcd2d3R-s,"39,097 views",10 months ago
"SVB Collapses, Investors Panic as Banks Start to Fall",dF9rUT7qQFA,"18,414 views",10 months ago
How to Build a BIG Portfolio (Without Pulling Your Hair Out),toip52QcAiU,"22,221 views",10 months ago
My Rental Property is Losing Money!,mDtIIhkUaVI,"12,631 views",10 months ago
2023 Real Estate Portfolio Pivots You MUST Make | Future Millionaires,rLptf4TtQdo,"21,343 views",10 months ago
"2023?s HUGE Multifamily Opportunity & The End of ""Tax-Free"" Income?",fwj9x1d_ez8,"18,227 views",10 months ago
How to Use the 2023 Housing Correction to Get RICH with Real Estate,-oSOUMojiPU,"213,899 views",10 months ago
Lewis Howes: The 3 Steps to Go From Broke to Millionaire in 2023,uSSrlJQRaXg,"25,623 views",10 months ago
Home Sales FALL Off a Cliff: When Will Prices Follow?,ngjwnb7PgaY,"33,430 views",10 months ago
BiggerNews: Mortgage Rate MAYHEM & ChatGPT?s Danger to Investors,04b6qzTS0eg,"25,317 views",10 months ago
This Tropical Airbnb Makes $150K/YEAR...Here's How,8HdpzDThY-U,"10,310 views",10 months ago
Rental Property ?Deal-Breakers? That Could Kill Your Cash Flow,Q5mOFqncqyE,"69,389 views",10 months ago
Top 9 CASH FLOW Real Estate Markets of 2023,PdUtY8jMB4g,"57,815 views",10 months ago
5 Real Estate Agent Mistakes That Will LOSE You Listings,gA-yHGOQ5KM,"5,830 views",10 months ago
Real Estate Investing RED FLAGS You MUST Avoid (LAWSUIT),osG-h0mgScU,"19,657 views",10 months ago
The Housing Market ?Splits? as Rents Start to Get Unstable,6GAJcwGGfus,"35,937 views",10 months ago
3 Housing Markets to Look Into BEFORE Homebuyer Season Heats Up,Xp4FT9dU9mo,"23,152 views",10 months ago
How I Bought 157 Rental Units in 1 YEAR (You Can Do It Too),9hj9Ji11bEk,"23,813 views",10 months ago
Real Estate Side Hustles and Why You SHOULDN'T Quit Your Job...Yet,R4KgGHtCp3g,"28,417 views",10 months ago
From Low-Income to Passive Income in Their 20s w/170 Multifamily Units,aj3ayOiUwC4,"17,819 views",10 months ago
Real Estate and the Art of Catching Fish,41NyGwZhI-Q,"5,395 views",10 months ago
From Losing EVERYTHING in the Last Housing Crash to $8M Wealth,i1INRmhdUO0,"20,614 views",10 months ago
BIG Changes in the Housing Market (New Forecasts),BVuVMHZ7R24,"35,976 views",10 months ago
How to Invest in Real Estate with $10K in 2023,QVBgzV1e0rE,"443,474 views",11 months ago
How To Avoid Income Taxes 101 (5 TOP Ways),LsC3oirPmJU,"11,925 views",11 months ago
The 10 Real Estate Markets Seeing MASSIVE Migration in 2023,8eilFVinLPE,"65,962 views",11 months ago
The 8 MOST AFFORDABLE Housing Markets in the US (2023),llDnFq7nFqE,"30,292 views",11 months ago
12 Reasons Why Real Estate Agents Fail (STUPID Mistakes),ACHCghqpqvM,"7,942 views",11 months ago
$1M/Year with 9 Rental Properties by Cracking the Travel Nurse Code,ZEZGjZG3N84,"286,339 views",11 months ago
"Is the ""Renters Bill of Rights"" Bad News for Real Estate Investors?",vlDrpcg3jDE,"21,401 views",11 months ago
Making $300K Per Year On ONE Short-Term Rental,2449AchWDtc,"18,702 views",11 months ago
Building a $10M Real Estate Portfolio at 25 Using The ?Wealth Formula?,6R99QwOWdrQ,"22,730 views",11 months ago
How to Get a Lowball Offer Accepted | Future Millionaires,cDwtUBlrD9o,"41,190 views",11 months ago
"Flips Are OUT, BRRRRs Are In, and Why We QUIT Our Jobs to Invest",agfMJX99B0I,"12,436 views",11 months ago
The Former Olympian Who Gave Up Everything to Invest in Real Estate,qvJ5OmQgGec,"20,276 views",11 months ago
The 2023 Recession is CANCELED: Is a ?Soft Landing? Possible?,1B37xFFqG2M,"31,445 views",11 months ago
How to SCALE Your Real Estate Portfolio in 2023,wIbfJ-4pF5Y,"29,981 views",11 months ago
How to Invest in Real Estate in 2023 (With NO Experience) | Start From Scratch,wS5NZ0UDJaM,"83,999 views",11 months ago
Why Investors are STILL Buying Real Estate in the 2023 Recession,cVmwJGF39V4,"119,752 views",11 months ago
The Hidden Housing Crash: Prices to DROP 20%,L6jjZJLUgAc,"39,452 views",11 months ago
From 7-Day Workweeks to Financial Freedom Through AGGRESSIVE Investing,K_FcI8c6U1o,"34,783 views",11 months ago
4 Ways to Invest in Real Estate with NO MONEY in 2023,Zeb9p4HpzD0,"35,832 views",11 months ago
Sound the Alarm: A Commercial Real Estate Crash is Likely,-5BBeyNUJTE,"28,854 views",11 months ago
How We Bought $20M in Multifamily Real Estate in Our 20s (NO Banks),TpIUyDxanJ0,"42,576 views",11 months ago
"Depreciation, DTI Dilemmas, and Why Mortgage Rates DON?T Matter",7XX6ozTqm_k,"34,235 views",11 months ago
"This Housing Market is WILD: Mortgage Rates DROP, Buyers Come Back",cijB_1v3uKE,"48,579 views",11 months ago
How to Find Real Estate Deals NOW | Future Millionaires,b1B_XY7UEH8,"30,976 views",11 months ago
How to Fail At Financing a Rental Property | 7 Steps to Avoid,d5UXXPB9ld8,"18,003 views",11 months ago
BiggerNews: 2023 Housing Market Predictions and Beating a Bear Market,otI6B6AWcpI,"82,483 views",11 months ago
Passive Real Estate Investing in 2023: The RULES Have CHANGED,ymw03zIZ-fM,"25,547 views",11 months ago
"Hoarder Houses, Tax Benefits, & How to Invest When Starting Late",9TA5vtD1EYI,"18,357 views",11 months ago
December?s Promising Inflation Report (But UGLY Housing Data),f9Xvjo0YwBU,"9,335 views",1 year ago
FIRE by 27 Using the ?Chick-Fil-A Rule? of Real Estate,gzbaiM1DwZQ,"74,363 views",1 year ago
"How to Demo a Bathroom, Kitchen, and Remove Walls (DIY)",74gaUdAertE,"11,591 views",1 year ago
How to Make PASSIVE INCOME through Real Estate in 2023,bzlRfFHHK4Q,"36,334 views",1 year ago
Apartment Investing Tips from Grant Cardone That Made Me Millions,Xyc2DmnCT_g,"20,927 views",1 year ago
"HELOCs, Hard Markets, and The 10-Year Real Estate Retirement Plan",F0x0HgMFWb8,"101,231 views",1 year ago
Buyers Are in CONTROL: The 2023 Housing Market Correction is HERE,9eOfvP80U28,"35,705 views",1 year ago
Real Life ?Top Gun? Pilot on How to Become Elite at ANYTHING,HJsEdgUUYac,"12,156 views",1 year ago
How to BRRRR Real Estate (WITHOUT Getting Burnt) in 2023,RyIjGFSC4Ec,"40,348 views",1 year ago
The 2023 BnBust: Are Short-Term Rental Hosts in Trouble?,MNkAHOwNzpk,"58,336 views",1 year ago
How to Start a House Flipping Business from SCRATCH in 2023,uLhXbpbOOcg,"14,384 views",1 year ago
2023?s MASSIVE Opportunity for Multifamily Real Estate Investing?,9MRaeb1OQII,"98,222 views",1 year ago
2023 Housing Market: It?ll Get Worse Before It Gets Better,y0ShNeJLkuA,"40,388 views",1 year ago
How to TRIPLE Your Income with Assisted Living Investments,5tqSY3Av0Ug,"63,865 views",1 year ago
BOOST Your Passive Income with Rental Property Partnerships,pA6KbMjMi5k,"10,433 views",1 year ago
Everything You Should Know BEFORE Buying a Rental Property,Q9z3xo6eVTU,"41,712 views",1 year ago
How I Bought 31 Rental Properties in ONE Year (YOU Can Do it Too)| Real estate recap,cVcgLIn04a4,"34,443 views",1 year ago
Future Millionaires: How to Grow a Real Estate Portfolio in 90 Days,gboHgmmCNgM,"33,437 views",1 year ago
"$60K Florida Flip vs. $70K Houston Home Renovation | Buy This, Not That",BNMgRzdlJCg,"9,842 views",1 year ago
"Lower Taxes, More Passive Income with The 1031 Exchange",-sBQflyOKeA,"14,112 views",1 year ago
Do This BEFORE Buying a Property with Existing Tenants,7sTLZhRn_Yg,"17,786 views",1 year ago
How to Go From BROKE to Real Estate Millionaire,f_tHal98RJQ,"26,198 views",1 year ago
The Multifamily Market Has FLIPPED: How to Take Advantage in 2023,YEGQNCqhHS4,"68,065 views",1 year ago
How to Build a Real Estate Portfolio That Will Withstand Any CRASH,zjHBxLxt7vU,"38,658 views",1 year ago
What EVERY Real Estate Investor Wants for Christmas,p76SHPVKLjc,"8,360 views",1 year ago
Land Flipping: The Profits Behind Dealing Dirt,_1z45gIch4s,"35,654 views",1 year ago
"2% Mortgage Rates Are HERE | Buy This, Not That",QOI-jrqtlKo,"69,797 views",1 year ago
How to Buy a Rental Property in 2023 (6 Beginner Steps),iD8WGgmj8QE,"331,224 views",1 year ago
Sellers Are Desperate: 4 Tips to Wholesale Real Estate in 2023,QqCEbxKPPyw,"19,999 views",1 year ago
Renting vs. Buying a Home: An Obvious Choice in 2023?,THySFMZctEA,"39,895 views",1 year ago
"Goals, Breaks, and Interest Rate Mistakes! | Real Estate Recap",YXMDXo_WrRg,"6,096 views",1 year ago
The Post-Crash Pivot You MUST Make in Today?s Wild Housing Market,461KuJZdLp8,"44,298 views",1 year ago
"EASY Fix and Flip vs. CHEAP Motel | Buy This, Not That",MiOyDoC2hDo,"14,406 views",1 year ago
How Rob Dyrdek Made Hundreds of Millions by Tracking Every Minute,wYJPGZGPStM,"64,295 views",1 year ago
How to Build a Real Estate Portfolio from SCRATCH in 2023,c_OwSqXjkg4,"200,571 views",1 year ago
Avoid These Off-Market Real Estate ?Deals?,BuFqoeUi2C8,"33,325 views",1 year ago
What Went Wrong in the 2022 Housing Market | Real Estate Recap,mAQqxnnbe4U,"9,880 views",1 year ago
From Toxic Divorce to Rental-Fueled Financial Freedom in 2 Years,uN6KgzIbPqY,"76,411 views",1 year ago
This Type of Real Estate Agent Will GROW Your Rental Portfolio,D06FeAKToj8,"5,707 views",1 year ago
BiggerNews December: Which Real Estate Markets Will Win in 2023?,w8WnPtykB9w,"27,690 views",1 year ago
2023 House Flipping Tips | BEAT Rising Interest Rates & Recessions,-ECZjktS3Nc,"21,782 views",1 year ago
Don?t Fall for the ?More Doors? Trap | 2023 Goal Setting,ueimwmvy42g,"25,922 views",1 year ago
These Housing Markets Have HUGE Potential in 2023,psdqRrUjJ9A,"70,881 views",1 year ago
Advice From a Billionaire That Made a Farm Boy a FORTUNE in Real Estate,dz3yE3d5bVg,"28,271 views",1 year ago
Buyers Are in Control: What to Know Before Buying a Home in 2023,sRfc6_5DJBk,"21,978 views",1 year ago
Achieve Financial Freedom in 2023 w/ Small Multifamily Investing,o_ma7Vq24-k,"207,250 views",1 year ago
I Almost Lost $100K On This House Flip (DON?T Do This),UTakSnESk98,"9,726 views",1 year ago
How to Convert Home Equity into Cash Flow for Financial Freedom,1d5tVT59Dzw,"64,820 views",1 year ago
It?s Over: Inflation Is About to DROP,nto3B1tIDhw,"31,147 views",1 year ago
"Fighting Cancer, Financial Freedom, and 20 Rentals in 2 Years!",H17U36qsi6M,"8,322 views",1 year ago
Want a Mentor? Two Things You Need to Be Taken Seriously,cT0PODN-J_w,"5,142 views",1 year ago
What Painless Rental Property Management Looks Like,QhcFzFDbXWY,"36,477 views",1 year ago
How I Made My Vacation Rental Business 100% Passive,Y448feXwQpE,"21,274 views",1 year ago
My Rental Properties Won?t Cash Flow! What Should I Do?,Tcux2678OZw,"24,179 views",1 year ago
Back to 5% Rates!? | How Mortgage Rates Could Crash in 2023,MYb5aEY-ejo,"101,553 views",1 year ago
The #1 Real Estate Tax Loophole | Pay ZERO Taxes in 2022,OAGIc3GWuEs,"86,305 views",1 year ago
Brain Hacks the Wealthy Use to Get Rich,ZhJcK9SZuvA,"12,357 views",1 year ago
Scott Galloway: America is Self-Sabotaging Its Own Citizens,KJg9SAraNVI,"28,307 views",1 year ago
6 Mistakes That Will RUIN Your Short-Term Rental Investment,zMzDtDi5msA,"12,189 views",1 year ago
How to Buy a Rental Property Even if You?re Strapped for Cash,b436GANEtuo,"50,015 views",1 year ago
Home Sales TANK as the Housing Market Correction Continues,LD8Nhxub0iY,"32,229 views",1 year ago
Turning an NBA Salary into 7-Figure House Flips w/Evan Turner,CnARQ6n-sFg,"9,282 views",1 year ago
The Secret to 10x-ing Your 2023 Goals | How to Set Goals,POh7O8Md3F4,"10,083 views",1 year ago
The EASIEST Way to Find Off-Market Properties in 2023,kWpvuARo1KQ,"28,918 views",1 year ago
"Garage Converted into BEAUTIFUL 1-Bed/1-Bath for $30,000",IGm0ps7TGVE,"58,420 views",1 year ago
"Interest Rates, ?Ego?, and Why You WANT to Get More Debt",zNobGZ4fwDQ,"48,182 views",1 year ago
How to Find Real Estate Agents (For Investors),UonGC19fsoI,"6,582 views",1 year ago
Rent Prices Drop as Landlords Brace for a Recession,7tXwyl4q0Dk,"32,113 views",1 year ago
"Real Estate Tips, Deal Reviews, and BiggerPockets Behind the Scenes",dLrAxa6T_II,"7,289 views",1 year ago
Chris Voss on Why You Want a Seller/Buyer to Say ?NO?,a1QPepBhl_Q,"19,641 views",1 year ago
The 5-Minute House Flipping Spreadsheet That Saves WEEKS of Time,3FTpW8rAEfU,"16,342 views",1 year ago
The Office Investment ?Apocalypse? That Never Happened | BiggerNews November,4UGgUYsRJJU,"7,199 views",1 year ago
"The ""Dead Body"" Real Estate Deal and How an Entity Stole My Equity",uMRgMxHGiH4,"4,219 views",1 year ago
"Stabbings, Six-Figure Losses, and the Dark Side of Real Estate",e9mromXuDCw,"9,967 views",1 year ago
11 Ways to Invest During a Housing Correction (or Market Crash!),S922phfEdE4,"48,767 views",1 year ago
"The Danger of Hosting Your Short-Term Rentals on The ""Big"" Sites",BXdUyQMfQBU,"15,137 views",1 year ago
What NOT to Do When Buying a House: 5 Crucial Mistakes,Gjwa4DNmTmE,"11,555 views",1 year ago
Are Medium-Term Rentals the Easiest Real Estate Investment of 2023?,cCJlma1vjTc,"59,401 views",1 year ago
"The $70K House Flipping Fail | Before and After, Final Numbers",RJzIOMXv-qM,"16,022 views",1 year ago
How to Find Housing Market Steals as Sellers Get Realistic,CTNZCwNLVJQ,"59,377 views",1 year ago
Double-Digit Price Drops Ahead? | 2023 Housing Market Forecast,XuO2qZFJKDk,"101,681 views",1 year ago
Financial Freedom in 2 Years By ONLY Buying Off-Market Rentals,Ql-fRFvI6hk,"136,106 views",1 year ago
How to Become a ?Hands-Off? Medium-Term Rental Property Investor,d7n-vdcHG5M,"15,926 views",1 year ago
What Went Wrong in 1 Week of Self-Managing My Short-Term Rentals,xPn4VkuZuWM,"12,171 views",1 year ago
The No/Low-Cost Way to Grow Your Real Estate Investing Team,Cu5JDn7pxnE,"12,603 views",1 year ago
Is Refinancing a Smart Move with Rising Mortgage Rates?,-_EvkKGSCfg,"21,417 views",1 year ago
"How to Calculate Rental Property Returns Using The ""Metric Matrix""",TlO3pHTk124,"12,924 views",1 year ago
Single Mom to 60+ Unit Landlord and an Update From Ashley Hamilton,ZC-alkT7lg8,"63,486 views",1 year ago
Best Real Estate Markets for Mid-Term Rental Properties (Travel Nurses),VHBfRiM13Ho,"30,718 views",1 year ago
Why Expert Real Estate Investors Think About More Than Cash Flow,2xxAd1amNd4,"22,135 views",1 year ago
"If I Had to Start Over in Real Estate in 2022, Here's What I'd Do",4YHDPzL25Sw,"98,006 views",1 year ago
Why Rising Interest Rates Are Good for Real Estate Investing,17UryqgQ_uI,"75,446 views",1 year ago
4 Ways Real Estate Investing Will Make You Rich,WdNEnBbRm4A,"16,222 views",1 year ago
Making $12K/Month (Per Property!) With Assisted Living Investing,TG7zIu1WaNo,"128,115 views",1 year ago
Medium-Term Rentals 101: A Better Bet Than Vacation Rentals?,OH611iLDBKs,"33,640 views",1 year ago
BiggerNews October: How to Win in a ?Manipulated? Housing Market,MQ3iIIaH-Hg,"24,169 views",1 year ago
"5 Properties in 5 Years by ""Stacking"" Your House Hacks",NtLGDnS6_Mg,"20,875 views",1 year ago
BRRRR Investing Just Got Easier,Yny5kXLIb98,"62,927 views",1 year ago
3 Steps to Push Past Fear and Buy Your First Rental Property,t24DEQfVzNU,"13,346 views",1 year ago
Financial Freedom in 3 Years by Making Housing Affordable in Hawaii,UDm6BHfhF-8,"38,014 views",1 year ago
Why Going $100K Over Budget On This House Flip Was Worth It,SS8X27q4d3A,"9,829 views",1 year ago
Where to Find Deeply-Discounted Investment Properties on the MLS,pSNoQXAecAg,"48,265 views",1 year ago
Buying Your ?Dream Home? Will Make You Broke,2H8IREnkzEM,"11,613 views",1 year ago
A Faster Way to Invest in Real Estate WITHOUT a W2 (Investment Loans),F8vYFEOAHSY,"32,282 views",1 year ago
"Million-Dollar Miami Apartments vs. $60K House Flips in Ohio | Buy This, Not That",_3jRcT4uuYY,"30,727 views",1 year ago
Building a 150-Unit Short-Term Rental Arbitrage Empire,BSp9YgLNwVY,"21,239 views",1 year ago
Get On the Off-Market Deal List & Making a Fortune Wholesaling,dyHmWzRYm1M,"8,099 views",1 year ago
"Bypass the Brain, Pitch Anything, and Get What You Want w/Oren Klaff",FYw_6ovoxt8,"16,779 views",1 year ago
Is Renting to Friends a Huge House Hacking Mistake?,UNZAwcF1Hng,"6,099 views",1 year ago
"Win Any Pitch, Control Every Deal, and Become the ""Alpha"" w/ Oren Klaff",wFIE7ObhoHg,"12,663 views",1 year ago
"Cash Flow in Florida, Buyer's Market in Maricopa, and ""Phantom"" Flips",lTzIGoZAcG8,"20,399 views",1 year ago
Cash Flow IS NOT the Key and Why ROE Beats ROI,ssjG55V3PIU,"30,302 views",1 year ago
Today?s Shaky Housing Market and 6 Ways NOT to Get Burnt,kD642To8rk4,"33,775 views",1 year ago
Beginner Steps to Invest in Today?s ?Fearful? Multifamily Market,4IOB717Adbc,"43,130 views",1 year ago
"The 150 SQFT ?House Hack-Bnb? Making $2,500/Month (Full Tour)",3JWpNzV-Xzg,"12,308 views",1 year ago
The 20-Unit Hotel BRRRR That Makes $750K Per Year,4rJ9okp9dig,"24,714 views",1 year ago
5 Things I Would NEVER Do When Buying a Rental Property,Fz98jcvKKbA,"22,019 views",1 year ago
The $500/Hour Cold Calling ?Game? That Makes Real Estate Easy,zLrDsRjEZ1k,"17,955 views",1 year ago
6 Guaranteed Ways to Lose Money When Hiring Contractors,YHFHCXiWOr4,"21,053 views",1 year ago
How High Will Mortgage Rates Get in 2022? | BiggerNews September,Oeup835Ir7w,"25,222 views",1 year ago
"The House Hack From Hell That Made Me $1,000,000",eCbrEk4nnZc,"14,033 views",1 year ago
What?s the Best Way to Build Wealth? (In 10 Years or Less),y4pAFBRvXzM,"71,541 views",1 year ago
The Housing Market ?Splits? As a Correction Takes Shape,V_4zGE5nXTA,"73,315 views",1 year ago
"Wholesaling a Church and Reviving a ""Dead"" Real Estate Deal",YGfp061JBQg,"7,473 views",1 year ago
"""Buying More Rentals"" is the WRONG Way to Scale Real Estate",_-CzQEgChK8,"39,195 views",1 year ago
"Interest Rates, Returns, and Private Money Red Flags",nVPPwx__Tk4,"15,038 views",1 year ago
"Become a Rent-By-The-Room Millionaire with The House Hack ""Stack""",EqG6rCzTB8w,"44,758 views",1 year ago
How ?The Pool Guy? Found Private Money for Real Estate Deals,BR-gqaKS2i8,"14,775 views",1 year ago
Housing Market Power Shifts Back to Buyers as Days on Market Rise,6ZqUxzm0F9E,"53,457 views",1 year ago
The #1 Tip from Flip or Flop Star Tarek El Moussa? Lose More Money!,gJJ0FZ4FGdQ,"38,253 views",1 year ago
5 ?No Cash Needed? Ways to Buy Rental Properties,hgzXKirJKIU,"27,915 views",1 year ago
"The Landlord Lowdown: Tenant Credits, Room Rentals, and More",dc3GjxtNzSY,"23,276 views",1 year ago
High Interest Rates Can't Touch House Hacking,7qAtVYWazB8,"48,624 views",1 year ago
"Recession Risk, Renting to Family, and Real Estate Markets",5JOnELTQ-8I,"32,013 views",1 year ago
Legit or Quit? Signs You Should Quit Your Job ASAP,1jMU1qGN0Yk,"7,923 views",1 year ago
Million Dollar Tips For Your Real Estate Business (Wholesaling),xXofCO-WvII,"7,544 views",1 year ago
"Glamping, Camping, & Making $2.5M/Year with One RV Park Investment",5KEzEUe4ykc,"37,326 views",1 year ago
Underwriting Multifamily Properties: 7 Things You NEED to Know,D_-oEJ4OnYM,"11,939 views",1 year ago
Alex Hormozi on The One Investment That'll Make You a Millionaire,EMs0sxYdG2I,"300,797 views",1 year ago
10 ?High Cash Flow? Real Estate Markets of 2022,aIO47rn15GE,"42,912 views",1 year ago
Why Quitting Your Job Could Make You a Millionaire,78By_Z2nhHk,"33,561 views",1 year ago
Buy Your First Real Estate Deal Faster | BiggerPockets Bootcamps,HWpdxjAuOkE,"6,849 views",1 year ago
New Real Estate Investor Home Loans DON?T Require a W2,UMbDLoRCao0,"83,284 views",1 year ago
"Why Tweaking Your ""Tone"" Will Boost Your Real Estate Leads",ghUxkz9Oj-Y,"10,185 views",1 year ago
Getting Paid $50K to Buy Rental Properties (BRRRR Investing),Dh4qbiYJm78,"12,598 views",1 year ago
How to Invest Like Warren Buffett as Asset Prices Plummet,csNIygFcb4o,"23,079 views",1 year ago
How to Run Comps on a House (Value ANY Property),zEXQ7uaiGfA,"63,324 views",1 year ago
The Dangers of Raising Debt vs. Equity to Buy Real Estate,gTYFmxVpWPI,"18,753 views",1 year ago
The Housing Market Sees ?Soft Spots? as Rents Continue to Rise,-lvPBB2xHt8,"64,432 views",1 year ago
50 Rental Properties in 6 Months Using a Supercharged BRRRR Method,o40Lo-duyo4,"75,478 views",1 year ago
The 6-Figure House Flipping Formula ($272K Profit Example),sD5YNMhMOA0,"14,587 views",1 year ago
BiggerNews August: Will 3D Printed Houses Wipe Out Landlords in 2022?,lPlV8D6vlMo,"10,654 views",1 year ago
How to Start Wholesaling Houses (From Start to Finish),EH0Myr0nOYY,"44,059 views",1 year ago
What the Experts Warn Against When Using Private Money Lending,NZRZM--4aVs,"25,011 views",1 year ago
Don?t Buy Traditional Short-Term Rentals (Buy These Instead),iQ9RzGM_2C8,"50,679 views",1 year ago
Buying 15 Vacation Rentals in 1 Year by Making Every Minute Count,Bu2Wd6FN9lw,"23,262 views",1 year ago
Real Estate Underwriting Explained (How to Analyze Real Estate),dIY99CBOfgs,"14,072 views",1 year ago
How to Buy Your First Rental Property in 365 Days (Or Less!),m4BC74qjszc,"68,030 views",1 year ago
Want TRULY Passive Income? Here?s Why REITs Beat Rentals,WawZFVT7_iQ,"109,490 views",1 year ago
Lower Home Prices & No Closing Costs as The Housing Market Stalls,jOYTTexqp3Q,"63,865 views",1 year ago
Why You Should Give Up ?Regular? Rental Property Investing in 2022,f1C1ckWBxx8,"72,116 views",1 year ago
How to Fail in Today?s Housing Market | 8 Mistakes to Avoid,f_BXVMumN_0,"24,359 views",1 year ago
How to Find Private Money for Real Estate (5 Strategies),oOCUirIz4DY,"19,181 views",1 year ago
Investing in Bitcoin vs. Real Estate: Does Crypto Beat Cash Flow?,mHl3SMNj7xA,"6,172 views",1 year ago
The 4-Second ?Power Pitch? for Raising Capital for Real Estate,l7HAYY6cMxA,"28,740 views",1 year ago
Will High Interest Rates and New Laws Change the Way You Invest?,eV6OpxD-9cw,"23,207 views",1 year ago
The Average Joe?s Guide to Rental Property Riches in Under 10 Years,jZ-zPzGwrno,"39,822 views",1 year ago
The 5 Formulas You Need to Analyze Any Real Estate Investment,GdWtleyT-s4,"33,590 views",1 year ago
Why Investing in Apartment Buildings Just Got Much Easier,kleOKyg6Kb8,"85,090 views",1 year ago
What to Know Before You Invest in Someone Else's Real Estate Deal,pX7EdD4yd8s,"6,126 views",1 year ago
Don't Ignore Low Cash Flow Rental Properties,BhXJgK8hba4,"41,906 views",1 year ago
Buying Opportunities & Low Interest Rate Rental Property Loans,T5CzGXOK1JU,"72,871 views",1 year ago
Are We In The Perfect Market Cycle for Multifamily Investing?,ymU_hpxAVqI,"60,536 views",1 year ago
3 House Flipping Mistakes EVERY Real Estate Investor Should Avoid,isPlKXT8-DM,"31,687 views",1 year ago
BiggerNews July: How The Rich Avoid Taxes by Buying Real Estate,3ibyzhK0qkE,"41,647 views",1 year ago
How Rising Interest Rates Affect Your Real Estate Investments,YSgyPyzu_xc,"15,502 views",1 year ago
How to Retire Early by ?Amplifying? Your Rental's Cash Flow,Sufhm8TGkeM,"19,241 views",1 year ago
Boost Your Vacation Rental Bookings (Property Listing Tweaks),OZCoLVgnYNA,"5,142 views",1 year ago
How to Invest During a Recession (or a Housing Market Crash),AnvL8tVujEg,"107,431 views",1 year ago
Why Most Won?t Succeed in Real Estate Investing w/Brandon Turner,NcMvD6-aIsM,"136,759 views",1 year ago
How to Get Started in Out-of-State Real Estate Investing,5vg9N-5_NGs,"14,656 views",1 year ago
Do This BEFORE You Quit Your Job (4 Steps),DXBMHyeW_0U,"17,129 views",1 year ago
4 Smarter Ways to Invest in Real Estate as Interest Rates Rise,jT9xyKzVTr0,"48,492 views",1 year ago
Housing Market Crash Predictions (How to Survive 2022),Bs_PpZiw60E,"48,577 views",1 year ago
"Why You Should Buy ""Bad BRRRR Deals""",VxoKQXoLhvM,"23,562 views",1 year ago
Quitting Optometry to Build a 70+ Unit Turnkey Rental Empire,2BWpXfNWKc0,"21,957 views",1 year ago
How to Get a Lower Interest Rate on Your Mortgage (For Free!),R_Hwxpm62xc,"14,079 views",1 year ago
How To Avoid Taxes by ?Buying? Rental Property Write-Offs,sKyXpgwVa3Q,"33,307 views",1 year ago
How to Make ?Bulletproof? Passive Income by Lending Private Money,dIoeSo5KOVE,"19,138 views",1 year ago
"Retiring with Real Estate, Agent Tips, and The ""20% Down"" Myth",cLYuESP_Ywg,"52,163 views",1 year ago
Will Short-Term Rental Ordinances Cut Your Cash Flow?,kAehB_M6RNU,"8,013 views",1 year ago
"10th Grade Dropout to 2,500 Rentals Using ""Core Deal"" Multifamily",Io_xsss7k94,"30,010 views",1 year ago
BIG Inflation Update: Where Do We Go From Here?,DuFKPqOTOYU,"23,595 views",1 year ago
7 Negotiation Secrets You Can Use to Win Over ANY Opponent,lUtzrRJiSJc,"16,696 views",1 year ago
"How to 4x Your House Flipping Profits Using ""DADU"" Units",PhlI4Y6O21w,"14,730 views",1 year ago
Is Paying Off Your Mortgage Early a BIG Mistake?,r-wwK2cLnI4,"44,165 views",1 year ago
Have Rising Interest Rates Killed the BRRRR Method?,myax52v6PWg,"53,621 views",1 year ago
Why 2022 is a HUGE Opportunity for Small Investors w/Ed Mylett,-H-GZgPyqI8,"145,322 views",1 year ago
How to Find Real Estate Deals at a Discount (4 Tips),TSMfEniuRBw,"9,209 views",1 year ago
BiggerNews June: Will 2022's High Inflation Halt Your Rent Checks?,UMYb2Hbd1vI,"18,248 views",1 year ago
Sell Your Home for More Money Using This ?Rehab Punch List?,TXcgQx9fCyo,"7,504 views",1 year ago
Is My Property Management Company Stealing My Rent?,Ttl1yieH6ko,"17,617 views",1 year ago
5 Cheap Ways to Get Real Estate Leads (Real Estate Lead Generation),-o5EiTxPHno,"7,721 views",1 year ago
How to Be a Successful Real Estate Agent in 2022,oZexOsCSd_8,"4,882 views",1 year ago
How to Go From Single-Family Rentals to Multimillion-Dollar Deals,Uy9wTzBT6bY,"18,090 views",1 year ago
How to Lower Your ADU Costs Using Simple Zoning Tips,xXqB03a_rPk,"12,519 views",1 year ago
How Digital Real Estate Will Change the Housing Market w/Ryan Pineda,tPYo9NS3ngY,"36,394 views",1 year ago
"Stop Looking for ""Undervalued"" Rental Properties",jtg2JeRn1kk,"29,318 views",1 year ago
Will Biden?s Housing Plan Solve The US Housing Shortage?,9-iUEMoJkV0,"24,323 views",1 year ago
How to Buy a Business That Will Cash Flow From Day 1,dmzeVHbnPfg,"491,122 views",1 year ago
"ADU Design Ideas That?ll Make You $1,000+ Per Month",k9KRB_Yc9N8,"53,151 views",1 year ago
6 Bite-Sized Steps to Buying an Investment Property,eNQ_1TJrIPE,"34,548 views",1 year ago
Stop Being Scared of ?Seasonality? When Analyzing Vacation Rentals,VHXJlCGuNm8,"5,649 views",1 year ago
How to Combine Cash Flow AND Appreciation When Buying Rentals,a3Re3-AGfpo,"15,868 views",1 year ago
The 6-Step Checklist for Passive Income Investing,IKSBF8tRxik,"10,875 views",1 year ago
"How the ""Lock-in Effect"" Will Impact the Housing Market for Decades",59QrMYcNcWE,"52,087 views",1 year ago
"From ""Miserable"" Salesman to House Flipping w/83 Rentals",z8WIwGKeDps,"18,663 views",1 year ago
The Beginner's Guide to ADU Investing (Accessory Dwelling Units),e_BNaKxoiFM,"51,772 views",1 year ago
"Building a House vs. Buying and When Is It ""Too Late"" To Invest?",ouWbIyUwf9M,"27,306 views",1 year ago
BPCon 2022: The Real Estate Investing Event of The Year,0X9YeROP-qQ,"5,426 views",1 year ago
"Down Payment Gift Funds, Crash Indicators, & Partnership Problems",rSgRGrNozdk,"14,426 views",1 year ago
What Will Cause the Next Housing Market Crash?,tL_QkKPTvyE,"35,493 views",1 year ago
"Make More Money, Do Fewer Deals, and ?Profit First?",328gSUJImAo,"15,196 views",1 year ago
The #1 Rental Property Mistake That Could Cost You $100k+,_G2DLua6N6s,"18,739 views",1 year ago
"Multifamily Q&A: How to Start, Scale, and Succeed in Apartment Investing w/Andrew Cushman",aXZ4uwSD0yg,"70,529 views",1 year ago
How to Analyze Real Estate Deals (SUPER Simple Calculations),Q9lt9Qum6D8,"23,676 views",1 year ago
The ?Base Hit? Rental Properties That Will Make You Rich,BAPWpb6-WFs,"65,400 views",1 year ago
How to Get Ahead of the Housing Market with Real Estate Data,8VwgOot-do0,"18,547 views",1 year ago
30+ Rental Units Before 30 Years Old by Building New Problems,QdlJ9yz7GyA,"26,519 views",1 year ago
Are Cash-Flowing Condos the Perfect Short-Term Rental Investment?,uZVTdk1yCCc,"16,914 views",1 year ago
BiggerNews May: Why We Haven?t Had a Housing Market Crash Yet,PT483TIaFHc,"54,305 views",1 year ago
"Why ""Smart Money"" is Buying Real Estate as Interest Rates Rise",tNqNkpy5gjI,"99,209 views",1 year ago
Why Rental Property ROI Isn't As Important As You Think,qp49N78_TIs,"53,157 views",1 year ago
How Real Estate Investors Avoid Paying Taxes (Forever!),IdzSxCHmbBs,"31,869 views",1 year ago
5 Ways to Keep Home Renovation Costs Down (Inflation Edition),EWAUvnJKGP8,"9,573 views",1 year ago
"Why The ?Right Way"" to Invest in Real Estate is Wrong",elbUOawJS1o,"27,780 views",1 year ago
Make House Flipping Profits WITHOUT Rehabs/Repairs (Wholetailing),4K2BnL322HE,"14,288 views",1 year ago
"Dissecting the Millionaire Mindset by ""Framing"" the Impossible",2W45i0Uy3y8,"24,049 views",1 year ago
Episode 600: Answering Investing Questions from Real Estate Royalty,BIwaiiSl0ZQ,"13,435 views",1 year ago
The ?S.A.F.E.? Way to Buy Real Estate in ANY Housing Market Cycle,pYONUgNne18,"37,994 views",1 year ago
"Opportunity Zone Investing: Real Estate's Tax-Free ""Cheat Code""",Zf9CUSMtDH8,"128,318 views",1 year ago
7 Methods I Used to Find $35M+ in Commercial Real Estate Deals,DKQKwhxNJoQ,"6,771 views",1 year ago
The BRRRR Method for Beginners (FULL BRRRR Deal Walkthrough),4Wj9jpufTqo,"220,752 views",1 year ago
The Beginner?s Guide to Financing Rental Properties,u2A4znB7Dfk,"86,072 views",1 year ago
Should You Pay Off Debt or Invest in Real Estate in 2022?,dpEYltCOj5M,"36,279 views",1 year ago
Buy Before Interest Rates Rise or Wait for a Housing Market Crash?,tPNuKlH_7-Y,"102,758 views",1 year ago
80 Units with Mobile Home Park Investing & Beating Big Buyers,g1asExijAzs,"26,038 views",1 year ago
LLCs for Rental Properties & Bulletproof Asset Protection,OAlTPxYJWh0,"59,611 views",1 year ago
How to Find Off-Market Properties WITHOUT Breaking the Bank,abDHqTn1Uj0,"16,356 views",1 year ago
"Inflation vs. Cash Flow, FHA Loans, and Bidding Over Asking",U9_sF4KlLQw,"35,815 views",1 year ago
"The Fed: ""Sorry, Party?s Over"" (Interest Rates Update)",LCr6qtphnhg,"24,077 views",1 year ago
Ethical Wholesaling and Making $47K Off One Phone Call,F7rMJPDrLWY,"25,423 views",1 year ago
Do This BEFORE Buying Commercial Real Estate (5 Tips),yTyUO_MVq6g,"8,612 views",1 year ago
BiggerNews April: 2022's Hidden Housing Market Investor Trap,WbzL34Nl_Cs,"72,780 views",1 year ago
4 Overlooked Ways to Find Off-Market Real Estate Deals,609-fs65pY4,"41,555 views",1 year ago
The Cash Flow Market ?Mirages? To Avoid in 2022,Pd9TbyEALQQ,"41,039 views",1 year ago
That Wasn't Supposed to Happen | April Housing Market Forecast,mNS33wFRvZg,"56,252 views",1 year ago
Poverty to $1M+ in Property Using No Money Down Real Estate,gSz7IfAv43c,"28,453 views",1 year ago
14 Commercial Real Estate Terms Every Investor MUST Know,SZ4yKJFjrQk,"21,212 views",1 year ago
"What Makes a ""Good"" Real Estate Deal? (4 Ways to Find Out)",QWbRSFOmbLk,"22,936 views",1 year ago
How to Buy a Rental Property in 10 Steps (Anyone Can Do It!),PMwuh4Dj8mc,"65,991 views",1 year ago
"Retiring with Rentals, ADU Investing, & Down Payment Options",MJY5NbQ-Blc,"41,198 views",1 year ago
Why Are There No Houses On The Market?,RM3RhzdJu08,"36,632 views",1 year ago
Turning an $800K Mistake into a $1.9B Multifamily Portfolio,ld6WwvFfGwo,"16,468 views",1 year ago
45 Real Estate Deals at Age 19 by Embracing Failure Fast,nF0rrDxgMHU,"40,589 views",1 year ago
How to Buy Commercial Property with NO Money (100% Financing),yU6_-5__M24,"66,979 views",1 year ago
How to Analyze a Multifamily Property & What Could Kill a Deal,Shyno3hqSVk,"50,313 views",1 year ago
How to Buy Houses with No Money Down (5 Ways),mZ-Pc-kG5kc,"50,251 views",1 year ago
"Backward BRRRRs, Property Classes, & Risks of Raising Capital",77U5kJCyNzE,"16,795 views",1 year ago
The Fed?s New Interest Rate Hike Explained,JQcgCf216D4,"32,462 views",1 year ago
Marriage & Millions: The Secret to Investing with Your Spouse,vOu3YF1vp_0,"9,834 views",1 year ago
Escaping Spreadsheet Prison When Investing in Real Estate,-lP8CBKnepI,"24,308 views",1 year ago
How to Get Into Commercial Real Estate (4 Tips),FekWp1djlOM,"59,152 views",1 year ago
7 Signs of a Bad Real Estate Agent & Finding Rockstar Realtors,njXjCYcYQNo,"11,930 views",1 year ago
How to Pay ZERO Taxes on Real Estate Profits w/Income Shifting,itqgqtvVCGg,"12,748 views",1 year ago
Cash Flow Concerns & Should I Invest Now or Wait?,6qu31rSYGl0,"23,593 views",1 year ago
4 Reasons Why Rentals Remain Bulletproof In Uncertain Times,mdpphGkGP2s,"19,080 views",1 year ago
"From Pizzeria Owner to 1,500 Rental Units by ""Buying Right""",MGh3C7Pnuao,"10,532 views",1 year ago
Your Home's Hidden Passive Income Stream (ADUs Explained),Q5hhTxlWJ8g,"44,013 views",1 year ago
The New BiggerPockets Podcast Host Is?,8FNfvB8096c,"8,017 views",1 year ago
BiggerNews March: Foreclosures Up 97% (with More On The Way),zrfh5ZIXfMo,"70,980 views",1 year ago
The Best Entity for Real Estate Investing (LLC or S-Corp?),HomgxEZ9yZ4,"23,341 views",1 year ago
Building Massive Wealth w/ Short-Term Rental Investing (Part 2),6HzcblwB-MM,"44,447 views",1 year ago
4 Types of Real Estate Markets to Pay Attention to in 2022,ClWllG1DpBc,"19,616 views",1 year ago
The 3 Phases of Value Add Real Estate Investing,nxlPCowMRI4,"18,780 views",1 year ago
The 5 Steps to Making Short-Term Rental Millions (Part 1),g3wsAl8EPIY,"94,238 views",1 year ago
What Real Estate Code Words Actually Mean on the MLS,EeA0NjSbb0g,"9,671 views",1 year ago
Is Investing in Multiple Real Estate Markets Worth the Hassle?,mpkvx8S5SdM,"12,530 views",1 year ago
The Best Short-Term Rental Tax Write-offs,p680EfajILY,"17,156 views",1 year ago
Is it Too Late to Invest in Short-Term Rentals?,vr3_ArqiczI,"31,949 views",1 year ago
A WAY Better Metric than Cash on Cash Return,pn_o59mVoMk,"36,084 views",1 year ago
"Giving Up Flipping to Build a 1,000+ Unit Multifamily Empire",6cMyzURZCgA,"19,028 views",1 year ago
The Section 8 BRRRR Strategy That Beats Regular Rentals,_AST-i2d95o,"90,908 views",1 year ago
"The (Almost) Perfect BRRRR Deal | Cash Flow, Loans, & More",XBYy1PwfG5I,"20,323 views",1 year ago
"Rising Rates, Rentals vs. Primary Residences, and Common Crash Indicators | Coaching Calls",hkbQkEKveIE,"55,886 views",1 year ago
2022 Real Estate Tax Strategies for Fewer Taxes & More Cash,tYR0PlzwyhM,"11,718 views",1 year ago
"Is ""Financial Freedom? a Curse for Real Estate Investors?",rJbWRdpIfTo,"23,101 views",1 year ago
The 2022 Housing Market Just Got Even Wilder,OW1rcvcXoS8,"75,853 views",1 year ago
How to Get In On Multi-Million Dollar Real Estate Deals,I_ByjHto-Kw,"13,156 views",1 year ago
From Poor Beginnings to Rental Property Powerhouse,MWBIlfmvr4M,"37,266 views",1 year ago
Is Investing FOMO Ruining Your Chance at Wealth?,WG7DNHDIRTI,"20,732 views",1 year ago
The 6 Steps to (Almost) Perfect Multifamily Underwriting,wFVfl9pDGTc,"44,896 views",1 year ago
6 Real Estate Tax Mistakes That Could Cost You Thousands,x1nfC6Yi7UM,"12,698 views",1 year ago
How to 10x Your Rental Portfolio (Without 10x-ing Stress),Ygt7d6eynDY,"55,873 views",1 year ago
Stop Waiting for a Housing Crash (Do This Instead),Ni0JbB_Rr0I,"43,193 views",1 year ago
Zero Experience to $500M in Commercial Real Estate in 4 Years,3eoWT1ziHw8,"14,949 views",1 year ago
How To Avoid Taxes (Legally) as a Real Estate Investor,MdFae0JoPIE,"435,632 views",1 year ago
How to Fail at The BRRRR Method | 4 Steps to Avoid,a1HAJuDroeQ,"83,705 views",1 year ago
"BiggerNews February: Housing Market ""Yellow Flags"" to Watch",zZzAk0qnF8k,"258,580 views",1 year ago
3 Overlooked Tax Deductions for Real Estate Investors,SFTiG_x3TR4,"24,386 views",1 year ago
Is The 1% Rule Ruining Real Estate Investing?,tDZqYtZv_Is,"50,212 views",1 year ago
The 7 Signs of a Great Real Estate Market (2022),hZY1GXtGy94,"19,241 views",1 year ago
3 Genius Multifamily Financing Strategies for ANY Size Deal,Z-8WtculRKE,"24,244 views",1 year ago
"10 Rental Properties in 8 Months and The Power of Saying ""No""",Y4LL2PJE7FM,"103,200 views",1 year ago
The 4-Step Cure to Investing-Induced Analysis Paralysis,-aYpfCAG6Nc,"15,076 views",1 year ago
When House Flipping Goes WAY Over Budget (Before & After),2DCh2-dN1Nw,"61,392 views",1 year ago
"Difficult Tenants, Funding Rehabs, & When to Quit Your Job",fCAQDGDFw4o,"31,215 views",1 year ago
Housing Affordability Just Crossed a Dangerous Line,EaQe5odNXxQ,"30,332 views",1 year ago
From 3 Units to 300 Using This Simple Off-Market Strategy,2Q64X0YGgP8,"30,546 views",1 year ago
Retired as a 'Digital Nomad Landlord' with 15 Rentals,nz5apdyCpao,"46,473 views",1 year ago
How to Invest in Real Estate in 2022 (Step-by-Step),p1oDUoNY7bk,"101,311 views",1 year ago
"Why ""Level Jumping"" is CRUCIAL to Your Real Estate Business",-N6AwHHg_CE,"13,174 views",1 year ago
"Renting in The Winter, Investor Loans, & House Hacking Q&A",LQctPyvJfzQ,"15,116 views",1 year ago
Why Is The Housing Market So Hot This Winter?,ywgNjoNABzA,"14,909 views",2 years ago
How to Find a Mentor That Will Change Your Life (3 Steps),_pK6lvNxzX0,"8,844 views",2 years ago
150+ Tenants & Zero Stress w/ Coliving Black Belt Sam Wegert,bhSdXieLZKQ,"16,943 views",2 years ago
"1,000 Units as a Part-Time Nurse Using This Real Estate CRM",BEcRdF3kvBg,"42,223 views",2 years ago
My Real Estate Agent Sold Me the WRONG House,xJC8KwUoHuw,"8,459 views",2 years ago
Is ?Cash Flow Obsession? Blocking Your Wealth Building?,Clwmmf_UHiw,"37,460 views",2 years ago
3 Things That Will Impact Your 2022 Investment Strategy,kkvSKSTUmIg,"12,862 views",2 years ago
Structuring a $13M+ Real Estate Syndication Deal at Age 20,HUSI4wlOJnI,"8,816 views",2 years ago
"From Speech Therapist to Million Dollar ""Capital Connector""",mhX5OlmvJ4Y,"9,589 views",2 years ago
3 Things You Need to Start Investing in Real Estate,Y7vAOHJRSSg,"25,817 views",2 years ago
What Can/Will Go Wrong in a BRRRR? + Mitigating Your Risk,aMRD00BnpH4,"29,781 views",2 years ago
Where NOT to Buy Real Estate in 2022's Housing Market,55Yfcuul0Kw,"86,634 views",2 years ago
Answering 8 Top Real Estate Investing Questions,ey3P7oNPjJc,"19,795 views",2 years ago
5 'Under the Radar? Real Estate Markets for 2022,0L8FaLLeNy4,"60,548 views",2 years ago
The Easiest Way to Find Areas Worth Investing In,nCeXOedHJvk,"29,300 views",2 years ago
81 Rental Units at 21 by Doing What 99% of Investors Won?t,P2L3NklcU1k,"1,215,143 views",2 years ago
Multifamily Investing for Beginners | Brand New Bootcamp!,ecYsiT7e1ek,"9,547 views",2 years ago
BiggerNews January: Our Top 2022 Housing Market Predictions,BZSZmNBVUYU,"37,083 views",2 years ago
6 Tips for Viewing a House (Investors & Agents: Watch Out!),GWZfw7dPCjc,"28,667 views",2 years ago
Crushing Your 2022 Goals w/David Greene (+Live Q&A),4TAp8yNpqLA,"21,935 views",2 years ago
"The Perfect Multifamily BRRRR (23 Units, ZERO Work)",bNMzivARv8A,"17,111 views",2 years ago
Brandon Turner's Final Episode: Life Beyond Real Estate,0mujR0kzWPQ,"60,522 views",2 years ago
"2,700 Rentals & Feeding a ""Rental Property Addiction""",IMTIcgxN_i0,"19,560 views",2 years ago
Why Commercial Real Estate Isn't as Stressful As You Think,QrqWCdaRtJY,"14,740 views",2 years ago
Building a $2M Real Estate Portfolio (While Raising 2 Kids!),p5UoFRfoeE0,"15,647 views",2 years ago
How Much Should I Invest in 2022? (Real Estate & Stocks),vhzgOOoQr3U,"12,620 views",2 years ago
Cost Segregation Walkthrough on a 276-Unit (HUGE Tax Savings),6SxCwQAVetE,"19,626 views",2 years ago
5 Things I Wish I Knew Before Investing in Short-Term Rentals,hQYyoWq5QhA,"12,520 views",2 years ago
"Real Estate Scams, Schemes, and Seller Financing",Z8Ok7df4U-k,"22,405 views",2 years ago
Buying a Rental Property Every Single Week w/ Omni Casey,8zMnNvUkWd4,"47,447 views",2 years ago
"Tiny Houses, Interior Design, & Drunk Locksmiths w/ Robuilt",wWhZqTgKxtg,"5,953 views",2 years ago
Scrappy Hustlers Turned Fix and Flip Masters (30 Flips/Year!),6-mUh23nAbY,"10,359 views",2 years ago
Investing in Virtual Real Estate (The Metaverse Explained),1v__OyO-efk,"40,850 views",2 years ago
Tax-Free Millions w/ Cost Segregation Study Expert Yonah Weiss,TfAvUdNm1u8,"67,507 views",2 years ago
From Fourplexes to $40M in Self Storage Investments,cTBgVzWvP20,"31,027 views",2 years ago
4 Ways to Build Your Self Storage Portfolio,ycK5tIl1Apo,"8,380 views",2 years ago
"1,000+ Units w/ Help From Vivid Vision's Cameron Herold",zJCsPG69p8A,"9,710 views",2 years ago
How to Find a GREAT Real Estate Agent (3 Key Factors),hijp3MkWfso,"5,423 views",2 years ago
"Unlock Your $1,000/hr Tasks w/ ""Traction"" Author Gino Wickman",bl_KIv6ob4g,"14,449 views",2 years ago
2021 Housing Market Recap (& What To Watch for in 2022),fW-Ry9b4lYM,"13,561 views",2 years ago
Multifamily Underwriting in 7 Steps (14-Unit Example),9ti8qqYIBNs,"41,171 views",2 years ago
22 Doors and Creating Generational Wealth w/Billy Dha Kidd,oV58_CPpQ6s,"12,124 views",2 years ago
7 Ways to Buy Your First Self Storage Investment,OUM14RbphGk,"45,887 views",2 years ago
"BiggerNews December: Zillow Crash, Inflation, & Power Buyers",MZmQ1WEc_jc,"14,663 views",2 years ago
3 Questions to Ask a Real Estate Agent (STR Edition),N_aiKuw0SgA,"9,575 views",2 years ago
"$35k/yr Cop to $300,000,000 in Real Estate w/ Whitney Sewell",zEmkgH1qwfc,"28,313 views",2 years ago
How to 15x Your Real Estate Agent Commissions,NNpa1Bo96rw,"3,394 views",2 years ago
Good Debt vs. Bad Debt (& When to Use Both),tVUwSDvHVzI,"6,637 views",2 years ago
100+ Units at 25 and How to Find a Mentor in Multifamily,TEf_95V8-vg,"24,569 views",2 years ago
How to Invest in Real Estate (Beginner's Guide),KQTFBfaTYX0,"391,617 views",2 years ago
10 Ways to Make Millions in Self Storage Investing,9MdGwJAM7Vw,"6,085 views",2 years ago
Revitalizing a Texas Downtown by Creating Equity & Cash Flow,Wx9W_znpik0,"8,271 views",2 years ago
5 Tools Every Vacation Rental Host Needs,S8XgqX4pjLw,"19,218 views",2 years ago
10 Best Real Estate Books (For EVERY Investor),rAsdEvB-KGA,"24,659 views",2 years ago
3 Reasons Why You Should Be Working With a Real Estate Agent,u4cB7QWT0eY,"5,514 views",2 years ago
Why Investors Are Betting on the Housing Market (Q3 Update),rT3BB415FQE,"17,650 views",2 years ago
Pitching Private Equity Investors on a $4M Deal (Live!),dd4Q5qWQLKY,"79,230 views",2 years ago
Fighting Analysis Paralysis & Becoming ?The General?,DF37palKqRc,"14,835 views",2 years ago
How to Calculate Vacation Rental Profits (In 5 Minutes),Ss2cKoC5YhY,"50,593 views",2 years ago
"When To Keep, Sell, or Cash Out Refinance Rental Properties",gI-iRUPauiw,"13,909 views",2 years ago
Why Self Storage Investments Beat Most Other Real Estate,Hk05aIN6inI,"117,765 views",2 years ago
Cash Flow vs. Appreciation & Buying in Today?s Housing Market,lyy1o6VzPnI,"43,450 views",2 years ago
Will Rising Interest Rates Tank the Housing Market?,b82yR9eEdmM,"26,268 views",2 years ago
Two College Dropouts & Their $4.7M Multifamily Syndication Deal,3UJztPMDfnA,"8,490 views",2 years ago
Self Storage Investing for Beginners with Paul Moore,XIPXVLPf3bo,"48,144 views",2 years ago
40 Tenants Under One Roof | Rooming & Boarding House Investing,P-Vkz-iM-ak,"24,300 views",2 years ago
Is 2022 THE Year to Get Into Multifamily Real Estate?,VwrzYo-09yg,"55,731 views",2 years ago
My Triplex Burnt Down (Now it Cash Flows More!) | Welby Accely,HNxOTWch1dA,"14,746 views",2 years ago
"No Deals? Use Property Zoning to ""Make a Deal""",6toYSEPMnVo,"19,142 views",2 years ago
Breaking Down the Zillow Disaster | w/ HGTV Star Ken Corsini,7ILCEJj__cg,"9,452 views",2 years ago
The Multifamily Mentors Show | Season 2 Trailer | BiggerPockets,MoJanoF_ngc,"3,060 views",2 years ago
Finding the ?Hidden Gold? Rental Properties Most Investors Miss,tBfdeGhaLPg,"26,820 views",2 years ago
9 'Bulletproof' Rental Property Improvements,Msw_C_zb11M,"140,018 views",2 years ago
5 Tips for Finding Short-Term Rental BRRRR Properties,oUeSTVEn4mQ,"18,533 views",2 years ago
"Creative Financing Q&A: LLCs, Negotiations & More",VWCxaDOR5HE,"71,302 views",2 years ago
Pace Morby's 5 Questions That Led to 500+ Real Estate Deals,-e37wZ1-2K0,"67,598 views",2 years ago
What's Going On In The Housing Market | November 2021,bKpGBPWPAqs,"93,930 views",2 years ago
300 Doors ALL Through Creative Financing w/ Pace Morby,FWdhsZEwQaM,"354,866 views",2 years ago
Biggest Red Flags When Buying a House (Flips & Rentals),tJuK3LH_Bqg,"42,210 views",2 years ago
BiggerNews November: Congress's $40B Sucker Punch to Real Estate Investors (See Update!),-dkMdBoZTyE,"33,425 views",2 years ago
How to Analyze a Short Term Rental Investment (The Enemy Method),Noa_OLEKGQ4,"29,890 views",2 years ago
Why You?re Not Achieving Goals You Set w/Geoff Woods,wtQFYXfFo2g,"7,910 views",2 years ago
Advice & Tips for New Real Estate Agents (or Investors),W47vvfE2sGo,"6,152 views",2 years ago
Would You Invest in a Haunted House? ? (Asking Investors),V1pfxhsji3k,"3,186 views",2 years ago
The 2021 Cash Flow Map | Find Your Next Real Estate Market,3fZ1DIUH2Vw,"11,616 views",2 years ago
300+ Units Using Chandler David Smith's 3-Step Sales Technique,sRoC2Q33cLE,"16,749 views",2 years ago
Building Wealth Through Goal Setting w/ Wendy & Jay Papasan,0ggN_suijfE,"5,434 views",2 years ago
"Max Maxwell: Broke at 30, Wholesaling Millionaire at 33",n5v9fk4jwpU,"25,618 views",2 years ago
Should I Allow Dogs at My Vacation Rental? (3 Pros & Cons),u0zHCJpgOVw,"7,790 views",2 years ago
Call Center Worker to 7-Figure Real Estate Business Owner,GfSzWZvz_sI,"17,628 views",2 years ago
A Housing Price Cooldown? | 2022 Housing Market Predictions,70f0XhPRoC4,"227,517 views",2 years ago
From Leukemia & Bankruptcy to Financial Freedom w/ 250 Units,mZr1bN16L7A,"23,762 views",2 years ago
Luxury Fix and Flip Walkthrough & Budget ($850k Rehab),103whaLWuv8,"10,483 views",2 years ago
The BRRRR that Got Away (Million Dollar Flipping Mistake),ZuatWLUVENM,"6,354 views",2 years ago
$47k/Month in Rent & 0 Doors Owned through Rental Arbitrage,K96Y9JMBqyM,"106,980 views",2 years ago
"Buying a Short-Term Rental? Don't Fall for These ""Value Adds""",vl0WKl1r3Rk,"21,516 views",2 years ago
How to Become a Millionaire on an Average Salary | 5 Keys,EzWDfR1pjjo,"45,851 views",2 years ago
How to Become a Real Estate Agent or Investor | Step-by-Step,WlH8Y1hOsV4,"6,670 views",2 years ago
How to Maximize Cashflow with a Cash-Out Refinance,wnBuG5szZp4,"56,645 views",2 years ago
"Trends, Deals, and Today?s Real Estate Market | BPCon 21' LIVE",AZuOt7zSnXE,"15,646 views",2 years ago
The 1031 Exchange Explained | A Faster Way to Build Wealth,ITpiqO_Ibm0,"44,016 views",2 years ago
5 Pitfalls When Pursuing These ?Income-Replacing? Rentals,7sYZasEFKE0,"75,607 views",2 years ago
Vacation Rental Market Analysis in 4 Simple Steps,wnOJO1Dm7LU,"34,167 views",2 years ago
Are You an Asset or Liability to Those in Your Life? w/ Earn Your Leisure,-54C7VyyaKs,"25,177 views",2 years ago
Now is THE Best Time to Buy a Short-Term Rental Investment,XArXwY0hOJ4,"14,553 views",2 years ago
Your Step-by-Step Guide to Buying Out-of-State Investment Properties,P2eGYQqj_qY,"164,197 views",2 years ago
What to Do About the Hedge Fund Next Door | BiggerNews Oct 2021,Vp85ULxgTDw,"5,348 views",2 years ago
3 Reasons You (Probably) Don?t Need Property Management,LcvvvJ0Phm0,"14,784 views",2 years ago
"The BRRRR Method: Financing, Deals, & More | Seeing Greene",Wv1nxWErYao,"74,133 views",2 years ago
Why Real Estate Agents Fail & Investors Give Up,43ahzOND6s4,"6,186 views",2 years ago
What is an iBuyer? | A Real Estate Investor?s New Challenger,H9RTETfwU2Q,"9,723 views",2 years ago
Turning a $150k Gambling Loss into Real Estate Millions,qSNgPD6-jP8,"17,275 views",2 years ago
Rough In Roundup: How Much Does it Cost to Flip a House?,6m3Vuik5uMk,"17,366 views",2 years ago
"Markets, Money, and Mindset to Win | Real Estate Mentor Calls",IHmosU3AkoM,"13,215 views",2 years ago
3 Ways to Find Short-Term Rental Cleaners & Housekeepers,MOSKLczqUsQ,"11,829 views",2 years ago
How to ?Work the System? to Make More Money & Work Way Less,gjXTVKmVJKE,"91,676 views",2 years ago
3 Main Factors Affecting Today?s Housing Market,yZ0tU5uUh60,"24,419 views",2 years ago
"Manny Khoshbin?s Bugatti, McLaren, and $1B Real Estate",ijF6zfMhvKo,"123,043 views",2 years ago
Hard Money Loans vs. Soft Money Loans | When to Use Each,whhbd6GTO3s,"23,425 views",2 years ago
5 Reasons Why Multifamily Real Estate ROCKS,VZUOh5xpqMI,"96,878 views",2 years ago
How to 10x Your Real Estate Deal Flow and Leads,FVON6eMdr0s,"11,267 views",2 years ago
Real Estate Agent Salary vs. Real Estate Investor Salary (2021),L5B_TOeNqKo,"27,691 views",2 years ago
0 to 100: The Fastest Way to Fail w/The Iron Cowboy,Ra1sPT1LDGg,"6,508 views",2 years ago
4 Reasons to Start Investing in Short-Term Rentals,sZGHPwgBtfo,"11,550 views",2 years ago
Real Estate Cash Flow is Disappearing: What Can Investors Do?,ncufAU6jtLc,"31,507 views",2 years ago
The Guide to Massive Profits Through Small Multifamily Investing,OkhUg-n0e2g,"534,603 views",2 years ago
How to Analyze a Flip in 5 Steps | Real Estate Underwriting 101,7QYY4dZrME8,"32,487 views",2 years ago
3 Live Real Estate Coaching Calls with Brandon Turner,eb3E2maEYuU,"16,122 views",2 years ago
How to Find Foreclosed Homes (& Buy Them for CHEAP),XBHuNy9zzqo,"38,554 views",2 years ago
How to Become a Real Estate Millionaire (Part. 2),mW1vJIepVCY,"35,833 views",2 years ago
Wall Street's Hidden Plan to Buy Your Next Real Estate Deal,qHdOxkjL0o8,"15,398 views",2 years ago
"Inside a $5 Million Dollar House Flip (7,000+ Sqft)",sIsVmZmcZnw,"8,320 views",2 years ago
How to Become a Millionaire in Real Estate (Part. 1),IC4cSNDFJPg,"65,283 views",2 years ago
How Would You Invest $150k? Advice from a Real Estate Expert,wpay8X6YjOQ,"30,738 views",2 years ago
Flipping a Hoarder House | $61K Profit! (Before & After),lGtF-qbosrQ,"11,735 views",2 years ago
BiggerNews: Will Anything Slow this Housing Market? (September),eUcaABFXFeg,"21,578 views",2 years ago
When Can I Refi? +11 Frequently Asked Real Estate Questions,Y-Y3SANgw6E,"26,340 views",2 years ago
Real Estate Agent vs. Investor | 2021 Housing Market,7L-6T4GkQLU,"7,069 views",2 years ago
"Is The ""Hot Housing Market"" Over? | Sept 2021 Predictions",YKvZkvc-eW8,"49,045 views",2 years ago
How to Remodel a Mid-Century Modern Home | Fix & Flip Tips,8olmwXGrZZo,"7,381 views",2 years ago
"Robert Kiyosaki: ""Rich Dad Poor Dad"" Author Predicts a Crash",4qU8n1xNp3k,"599,652 views",2 years ago
The #1 Way to Find Reliable Contractors,oaGULLrBs60,"19,123 views",2 years ago
"The Death of The ""Entrepreneur"" w/ 8-Figure CEO James Wedmore",Kn7hBiqUHpo,"31,077 views",2 years ago
The ?Infinite BRRRR Strategy? | $95k BRRRR Case Study,m42nv7S2CLE,"52,516 views",2 years ago
How to Buy Your First Rental for Only $15k | 5 Best Markets,czQJqimsBAo,"22,157 views",2 years ago
Multifamily BRRRR: Is It Worth it To Add Another Unit? | ProjectRE,uyZxzsoeSQk,"14,305 views",2 years ago
Big City BRRRR Deep Dive with Joe Asamoah (Part 1),0s4FWahBXbk,"37,936 views",2 years ago
"The Multifamily Millionaire, Volume I (Sneak Peek!)",v6b1h2uDb3w,"10,311 views",2 years ago
The MOST Important Question When Raising Capital for Real Estate,mDIzH9V-qSM,"14,840 views",2 years ago
10 Steps to Buy Your First BIG Real Estate Deal,pcbLCLTg8jg,"37,940 views",2 years ago
When Will Lumber Prices Go Down in 2021?,CYk3hbqzmgw,"7,362 views",2 years ago
The Infrastructure Bill: An Investor's Chance of a Lifetime?,dr9SVDWpoFk,"25,698 views",2 years ago
Commercial Lending 101: Bigger Deals & Better Financing,GEtm8rTQR34,"34,859 views",2 years ago
Become a (Small) Multifamily Millionaire in 7 Steps,8LRW8IR0S9I,"223,927 views",2 years ago
How to Get Rich in Real Estate Using The MFM Model,HQxXCApAnBQ,"51,316 views",2 years ago
The Science Behind Taking Risks w/ Sukhinder Singh Cassidy,WMhklgHZdj0,"9,932 views",2 years ago
The 2021 Housing Shortage: How Did We Get Here?,7JVxcjURHjE,"7,309 views",2 years ago
Using Online Poker Profits to Springboard a Real Estate Career,ly8anUbyuzs,"4,611 views",2 years ago
"The 5 ""F-Words"" Every Real Estate Investor Needs to Master",HakI-1n3jMQ,"11,270 views",2 years ago
Find Off-Market Properties with Real Estate Lead Lists,VP61_Pgp3ig,"41,017 views",2 years ago
Ken McElroy On How COVID Changed Real Estate Investing Forever,MCjO7roGXjw,"144,272 views",2 years ago
$60K Profit! House Flip Case Study & Walkthrough,BG-NfmO_JmI,"14,644 views",2 years ago
Eviction Moratorium Extensions Disrupt The Rental Market (August 2021),l5x15XI6aJs,"17,653 views",2 years ago
"From ""Ski Bum"" to Veteran Commercial Real Estate Broker",I4MuVD3CI18,"8,144 views",2 years ago
Robuilt?s Tiny Houses That are Cashing in MASSIVE Profits,Y-f1QBr_Ap0,"52,981 views",2 years ago
No Cash? No Problem! Raising Private Capital for Real Estate Deals,x6PONQm5hSw,"12,679 views",2 years ago
5 Rules of Health & Wealth to Become the Millionaire with a Six Pack,jbnZeSPTpBA,"10,918 views",2 years ago
"Work Less, Earn More: Scale & Grow Your Real Estate Business",3LwsNm2Vn5U,"7,331 views",2 years ago
Should I Invest in Real Estate Now or Wait? (2021 Edition),7bVyTzM1cLA,"38,054 views",2 years ago
How an Immigrant Investor Went from 1 Triplex to $350M in 9 Years,00TmIeKy1Zw,"26,699 views",2 years ago
7 ?Ninja Tips? From One of Hawaii?s Largest Real Estate Investors,7JnhVi_3UMM,"15,769 views",2 years ago
Where?s The BEST Place to Buy a Rental Property?,VGoJF2pnL-0,"7,693 views",2 years ago
How Are You Preparing to ?Exit Rich? in Real Estate? w/ Sharon Lechter & Michelle Seiler Tucker,6J6S9wwAspA,"9,187 views",2 years ago
Rising Rent Prices See Largest Spike in Years,AFUva7DcLMo,"15,614 views",2 years ago
$22M in The First Two Years and a Mindset for Multifamily,eYc7wlutmUM,"11,104 views",2 years ago
"4 Units to 2,000 and Why Large Multifamily ?Isn?t So Scary?",i9NwwqpjGa4,"50,045 views",2 years ago
How to Identify Motivated Sellers & Ditch Unmotivated Sellers,W5ycdP277zc,"6,565 views",2 years ago
Real Estate Rookie Bootcamp | Learn to Get Your First Deal in 90 Days,0S9XLuLYpfw,"13,707 views",2 years ago
10 Common Real Estate Investing Questions w/ David Greene,pigIcNZgQFU,"83,268 views",2 years ago
How to Determine Property Value | Home Valuation Like a Pro,Mq6EIrok2_c,"41,234 views",2 years ago
Has the Housing Market Insanity Peaked?,5g4qGtmFi84,"31,935 views",2 years ago
Multifamily Financing: How a 24 Year Old Raised $20M,38DaD2oumAE,"17,053 views",2 years ago
The Key to Scaling Real Estate that Most Investors Miss Out On (+New Podcast!),rHaMzbQDQ8g,"17,792 views",2 years ago
Want Off-Market Leads? Try These 2 Underrated Lead Sources,YPpex5Bz-js,"7,289 views",2 years ago
Atomic Habits That Help You Achieve Unthinkable Success w/ NYT Best Selling Author James Clear,7VdmlQBLOKU,"26,151 views",2 years ago
2021 Forbearance Crisis: 3 Reasons It's NOT Like 2007,Al7juX6YbgA,"18,088 views",2 years ago
"How 1 Duplex Investment Turned into 3,300 Rental Units",FIXZZRQWXg0,"37,761 views",2 years ago
3 Ways to Simplify Your Real Estate Investing w/ Brandon Turner,qiM4fVVRpFU,"16,554 views",2 years ago
Why Your Fix and Flip Calculations Turn Out WRONG,rjmorfUe6D4,"15,903 views",2 years ago
Is Becoming a Real Estate Agent Worth It?,_k3EOiI5TkM,"8,269 views",2 years ago
3 Crucial Steps When Vetting a Rental Property,0g9QaOXyyAw,"12,565 views",2 years ago
"The 5 Keys to Scale Your Real Estate Portfolio to $1,000,000+",-a_yq7ywX8I,"36,776 views",2 years ago
2021 Stock Market Crash: Why Hasn?t it Happened Yet?,lxAky2ihWC8,"19,246 views",2 years ago
Funding a $4M+ Apartment Investment with $0 Out-of-Pocket,zI1fU-FNwAs,"13,674 views",2 years ago
This Full-Time Firefighter Built a 35-Unit Rental Portfolio,gxbx_4I_26Y,"15,462 views",2 years ago
Can't Find Real Estate Deals? Try Asking This 1 Question,y3BepVg_IlU,"13,945 views",2 years ago
The 4 Fundamentals of Multifamily Real Estate Investing,IFdcfE5WMXM,"48,507 views",2 years ago
Build an Unstoppable Real Estate Portfolio with the ?Core 4?,fRirepxC_ho,"41,340 views",2 years ago
3 Ways to Estimate Rehab Costs (Even on Your FIRST Deal),fn2BgjljpjY,"57,404 views",2 years ago
The Housing Market Just Crossed a HUGE Threshold,RqmwFFpIhB0,"27,404 views",2 years ago
Losing $50M & Bouncing Back Better with Rod Khleif,2uedSnPy3m0,"8,161 views",2 years ago
Making $200k a Month After Being on the Verge of Bankruptcy,U1Ypi2mcWWo,"16,972 views",2 years ago
7 Money Myths That Stop You From Making Millions,Bu9pUXY1obI,"27,921 views",2 years ago
MLS Deal with HUGE Real Estate Value-Add Opportunity,PBnQkZIlyB0,"9,667 views",2 years ago
Using The 1% Rule for Real Estate Investments? Not So Fast,mgDF_uR1F9k,"23,240 views",2 years ago
Brandon Turner's 10 Lessons That Led to a $50M+ Portfolio,2KhiOWkh9KI,"64,394 views",2 years ago
"Lumber Prices Down, But Housing Prices Up? Here?s Why | Money Market Recap",oyILmZ0ji7U,"15,217 views",2 years ago
300 Doors in Just 1 Year & Scaling Multifamily Investments,xWvHSqhGJsA,"66,858 views",2 years ago
Renovation Walkthrough + Building a Scope of Work (Live!),NlFqJb4LhOo,"11,224 views",2 years ago
5 Multifamily Tips So You Can Start Investing TODAY w/ Sterling White,5YlApGG9jT8,"10,526 views",2 years ago
Finding Comfort in Uncertainty w/ BJJ Black Belt Ryron Gracie,tqEsPlwBZ3c,"5,942 views",2 years ago
3 Techniques Most Real Estate Investors Are Too Scared to Try,4IXI4W9cmRU,"6,399 views",2 years ago
Why Unemployment is Lagging + a New Real Estate Tax Credit | Money Market Recap,9n15JM2z2EU,"3,276 views",2 years ago
Giving Up 80% Of His Income to Invest in Apartments,D30gEP6bgtM,"28,438 views",2 years ago
10 Short-Term Rentals in His First Year with Tony J. Robinson,8kB_M5b238s,"63,500 views",2 years ago
Flipping vs. BRRRR Investing + Which to Choose | Analyzing Real Estate Deals,bnY2o02AKB8,"31,320 views",2 years ago
Stop Sending Boring Client Gifts w/ Giftology's John Ruhlin,g4r3nGQ_2lo,"5,878 views",2 years ago
Stock Gains & Mortgage Rates Fall Again | Money Market Recap,BtQyltrAynI,"11,160 views",2 years ago
From Living on Section 8 to Multifamily Millionaire with Sterling White,G7GbU2qW8bk,"14,356 views",2 years ago
Pili's Systems - It's Not About Multi Tasking | $75M in Properties,m0syCEb5Cbo,"126,666 views",2 years ago
6 Best Real Estate Markets for Cash Flow,JzC9OSSk1qQ,"48,835 views",2 years ago
"The $500,000 Flipping Mistake | Analyzing Real Estate Deals",zz9JxR2iWF4,"11,807 views",2 years ago
David Greene Answers Top Real Estate Investing Questions,C5QyykAR1ks,"40,929 views",2 years ago
Crypto Crash & Home Sales Drop AGAIN | Money Market Recap,FYglKdYfwNc,"15,280 views",2 years ago
$100k Profits in 90 Days via Virtual Real Estate Investing,4Z1TgTSOhkY,"26,685 views",2 years ago
"Real Estate Cold Calling: Tips, Scripts, & What to Avoid",qlFhg7q3vks,"5,204 views",2 years ago
$51k Flip Profit in 3 Months | Analyzing Real Estate Deals,ebDecbz91vc,"8,202 views",2 years ago
The Motivation for MJ & Kobe to Win with Tim Grover,l4EAK18y3A8,"46,236 views",2 years ago
"Money Market Recap: Inflation, CPI, & Safest Investments",3yxqfDTMfV8,"5,557 views",2 years ago
Million Dollar Deals as a DIY-er & Real Estate Investor @investorgirlbritt,S8_BIE0ANE0,"33,772 views",2 years ago
